;DATUM;TIJD;LOCATIE;MAN. > 2 JR.;MAN. 1-2 JR.;MAN. < 1 JAAR;VR. > 2 JR.;VR. 1-2 JR.;VR. < 1 JR.;MANNELIJK;VROUWELIJK;KALVEREN;BIJZONDERHEDEN;TOTAAL
0;2022-10-04;00:00;GROENENDAAL;12,0;2,0;3,0;22,0;3,0;3,0;;;;Afzondering kalfje in bosrand zelfde Situatie Als Laatste Keer, Bij Conditietest;45,0
1;2022-10-04;00:00;TONNEKESWEG;1,0;0,0;0,0;2,0;1,0;0,0;;;;;4,0
2;2022-10-04;00:00;LAPPENDEKEN;6,0;0,0;3,0;4,0;0,0;0,0;;;;;13,0
3;2022-10-04;00:00;WEILAND CAROLINAHOEVE;6,0;0,0;1,0;0,0;6,0;0,0;;;;;13,0
4;2022-10-04;00:00;LOENERMARK - FAKKERT;4,0;2,0;0,0;7,0;0,0;1,0;;;;;14,0
5;2022-10-17;11:30;TERLET;12,0;0,0;1,0;14,0;2,0;1,0;;;;;30,0
6;2022-10-17;12:45;RUSTGEBIED GALGENBERG;7,0;0,0;1,0;8,0;0,0;0,0;;;;Prima conditie. 4x zwart + 8 Koeien Noordelijke Galgenberg + 13 Edelherten Niet Verstoord;16,0
7;2022-10-17;13:50;DE BRAAK;3,0;2,0;1,0;4,0;3,0;0,0;;;;;13,0
8;2022-10-17;10:20;VIP - Imbosch Berg;0,0;0,0;0,0;0,0;0,0;0,0;;;;;0,0
9;2022-10-17;10:20;Tunnekesweg/Doornstruik;0,0;0,0;0,0;0,0;0,0;0,0;;;;;0,0
10;2022-10-17;15:15;TUNNEKES THV WILDAKKER;2,0;0,0;0,0;3,0;0,0;0,0;;;;;5,0
11;2022-10-17;15:30;Posbank - Poel;0,0;0,0;0,0;0,0;0,0;0,0;;;;;0,0
12;2022-11-01;10:15;RH. W-RH Heide/Wapenveen/Ringallee;0,0;0,0;0,0;0,0;0,0;0,0;;;;;0,0
13;2022-11-01;10:50;Tonnekesweg;0,0;0,0;0,0;2,0;0,0;0,0;;;;Wildakker NA;2,0
14;2022-11-01;11:30;Omgeving Doornstruik/Kolk;9,0;0,0;0,0;5,0;0,0;0,0;;;;Conditie goed!;14,0
15;2022-11-01;12:30;Terletse Heide/Terletseweg Poel;1,0;0,0;0,0;0,0;0,0;0,0;;;;Conditie goed.;1,0
16;2022-11-01;12:45;Terlet;15,0;1,0;3,0;30,0;1,0;3,0;;;;;53,0
17;2022-11-01;12:45;Terlet;0,0;0,0;1,0;7,0;0,0;2,0;;;;;10,0
18;2022-11-14;15:50;Hessengat-Terletse Heide;3,0;0,0;0,0;3,0;0,0;1,0;;;;;7,0
19;2022-11-14;15:55;Beerenberg - Eerbeekseweg;4,0;1,0;0,0;11,0;0,0;0,0;;;;;16,0
20;2022-11-14;13:00;Imbosch - Jachthuis;3,0;0,0;0,0;1,0;0,0;0,0;;;;;4,0
21;2022-11-14;14:00;Groenendaal;14,0;0,0;1,0;21,0;2,0;5,0;;;;Solitair kalfje, al eerder aangetroffen.;43,0
22;2022-11-14;15:00;De Braak - Weiland Terlet;0,0;0,0;0,0;0,0;0,0;0,0;;;;;0,0
23;2022-11-14;10:15;LAPPENDEKEN - ONZ. BOSSEH;6,0;0,0;0,0;4,0;1,0;1,0;;;;;12,0
24;2022-11-14;10:30;CAROLINAHOEVE - WEILAND;3,0;0,0;1,0;3,0;0,0;2,0;;;;;9,0
25;2022-11-14;00:00;HUPKESBOS - SCHADDEVELD- WEVERSBERGEN;0,0;0,0;0,0;0,0;0,0;0,0;;;;;0,0
26;2022-11-28;10:25;KLEINE HEIDE;1,0;0,0;0,0;0,0;0,0;0,0;;;;;1,0
27;2022-11-28;10:40;GALGENBERG - RUSTGEBIED D.W.;5,0;0,0;0,0;4,0;0,0;0,0;;;;VERSPREID DOOR RUSTGEBIED PRIMA CONDITIE!;9,0
28;2022-11-28;11:45;DEELENSE ZW / BRINKHORSTERWEG;6,0;1,0;0,0;11,0;0,0;0,0;;;;4X ZWART DEK;18,0
29;2022-11-28;12:30;RAMENBERG-WEILAND;12,0;0,0;0,0;10,0;0,0;0,0;;;;;22,0
30;2022-11-28;13:00;GROENENDAAL;15,0;1,0;1,0;26,0;6,0;6,0;;;;* SOLITAIR KALFJE, 6 DAMMEN MANNELIJK;55,0
31;2022-11-28;13:45;TONNEKESWEG - WILDAKKER;5,0;0,0;0,0;5,0;1,0;0,0;;;;7 KOEIEN OP WILDAKKER TERELET ENORME KUDDE! TIJDSBESTEK TE KORT OM TE TELLEN;11,0
32;2022-12-12;15:00;DEELERWOUD - BRINKHORSTERWEG GRENS GR/KL HEIDE;1,0;0,0;0,0;0,0;0,0;0,0;;;;;1,0
33;2022-12-12;15:15;GROTE HEIDE - DW;3,0;0,0;0,0;12,0;0,0;0,0;;;;RUSTGEBIED: 1 ROEDEL VAN 7 1 ROEDEL VAN 25 1 ROEDEL VAN 9.;15,0
34;2022-12-12;16:15;BRANDTORENWEG;0,0;0,0;0,0;1,0;0,0;0,0;;;;TERLET NA! 1 DRONE ZYPHBERG 16:15 UUR;1,0
35;2022-12-12;12:30;DE BRAAK;1,0;0,0;0,0;5,0;0,0;1,0;;;;;7,0
36;2022-12-12;12:15;TERLET;0,0;0,0;0,0;0,0;0,0;0,0;;;;;0,0
37;2022-12-12;12:30;GROENENDAAL + HEIDE ZUID;17,0;0,0;2,0;21,0;5,0;5,0;;;;;50,0
38;2022-12-12;11:30;HESSENGAT/OUD EERBEEKSEWEG;3,0;0,0;0,0;4,0;1,0;0,0;;;;;8,0
39;2022-12-12;11:30;BERENBERG;0,0;0,0;0,0;2,0;0,0;0,0;;;;;2,0
40;2022-12-12;12:00;TERLETSE HEIDE (EIKENBOSJE);6,0;0,0;0,0;5,0;0,0;2,0;;;;;13,0
41;2022-12-12;9:40;'T ASSELT - HEMELSEBERG;3,0;0,0;1,0;0,0;0,0;0,0;;;;;4,0
42;2022-12-12;10:00;CAROLINAHOEVE;6,0;0,0;1,0;3,0;2,0;2,0;;;;;14,0
43;2022-12-12;11:00;ELSBERG;1,0;0,0;0,0;0,0;0,0;0,0;;;;;1,0
44;2022-12-20;11:40;TERLET;0,0;0,0;0,0;0,0;0,0;0,0;;;;;0,0
45;2022-12-20;12:00;GROENENDAAL;10,0;1,0;1,0;16,0;4,0;4,0;;;;WEINIG KOEIEN. VERSPREID OVER HELE GEBIED;36,0
46;2022-12-20;13:00;LOENERMARK - ZWARTE BERG;3,0;0,0;0,0;0,0;0,0;0,0;;;;1 OPVALLEND LICHTE VACHT;3,0
47;2022-12-20;11:00;DOORNSTRUIK;2,0;0,0;0,0;0,0;0,0;0,0;;;;;2,0
48;2022-12-20;9:45;WOLFSDEL - TERLETSE HEIDE;1,0;0,0;0,0;0,0;0,0;0,0;;;;;1,0
49;2022-12-20;11:30;NIEUWE AANLEG THV WATERGATEN;1,0;0,0;0,0;9,0;2,0;0,0;;;;;12,0
50;2022-12-20;9:45;BROODBULT - IJZERBAAN - LANGE JUFFER;1,0;0,0;0,0;0,0;0,0;0,0;;;;;1,0
51;2022-12-20;10:00;WAPENVEEN;0,0;0,0;0,0;3,0;0,0;1,0;;;;;4,0
52;2022-12-20;10:30;TONNEKESWEG - WILDAKKER;1,0;0,0;0,0;5,0;0,0;2,0;;;;;8,0
53;2023-01-09;16:10;HESSENGAT - TERLSTSE HEIDE/EIKEN;0,0;0,0;0,0;0,0;0,0;0,0;;;;Totaal: 26;26,0
54;2023-01-09;13:00;GROENENDAAL;5,0;1,0;0,0;8,0;5,0;3,0;;;;;22,0
55;2023-01-09;15:00;DEELERWOUD;0,0;0,0;0,0;0,0;0,0;0,0;;;;OORZAAK: WOLF?? WEL VEEL EDELHERTEN EN DAMHERTEN;0,0
56;2023-01-09;15:45;TERLETSE HEIDE - EERBEEKSEWEG;14,0;1,0;0,0;9,0;0,0;0,0;;;;WAARSCHIJNLIJK AFKOMSTIG UIT DEELERWOUD;24,0
57;2023-01-09;11:30;EERKBEEKSEWEG - IMBOSCH;3,0;0,0;0,0;0,0;0,0;0,0;;;;;3,0
58;2023-01-09;11:55;TERLET;16,0;0,0;0,0;18,0;4,0;0,0;;;;;38,0
59;2023-01-09;12:45;NIEUWE AANLEG;3,0;0,0;0,0;11,0;0,0;0,0;;;;SCHUW/ONRUSTIG GEDRAG! 2 KWAMEN VANUIT GROENENDAAL RENNEN;14,0
60;2023-01-09;10:00;LAPPENDEKEN - BRABANTSE HEIDE;0,0;0,0;0,0;4,0;3,0;0,0;;;;;7,0
61;2023-01-09;10:10;GRAVENSINGEL - BRABANTSE HEIDE;0,0;0,0;0,0;3,0;0,0;0,0;;;;;3,0
62;2023-01-09;10:45;CAROLINAHOEVE;0,0;0,0;0,0;0,0;0,0;0,0;;;;;0,0
63;2023-01-09;11:00;WILDAKKER ONZALIGE BOSSEN;0,0;0,0;0,0;0,0;0,0;0,0;;;;GEEN SH-ERD AANGETROFFEN. WEL VERSE UITWERPSELEN;0,0
64;2023-01-09;11:00;IJZERBAAN;0,0;0,0;0,0;1,0;0,0;0,0;;;;;1,0
65;2023-01-09;11:05;BLOEMERSWEG TOV WAPENVEEN;2,0;0,0;0,0;2,0;1,0;1,0;;;;;6,0
66;2023-01-23;15:30;TAFELBERG;1,0;0,0;0,0;4,0;0,0;0,0;;;;;5,0
67;2023-01-23;14:00;LOENENSEVELD;6,0;0,0;0,0;1,0;0,0;0,0;;;;GEEN SLECHTE CONDITIE KOEIEN AANGETROFFEN;7,0
68;2023-01-23;14:30;TERLET;4,0;2,0;1,0;15,0;0,0;1,0;;;;;23,0
69;2023-01-23;14:45;TERLETSE HEIDE THV 5 BEUKEN;6,0;0,0;0,0;5,0;0,0;0,0;;;;OH, NEE -> EIKEN!;11,0
70;2023-01-23;11:15;DOORNSTRUIK;3,0;0,0;0,0;0,0;0,0;0,0;;;;IJS HAKKEN;3,0
71;2023-01-23;12:00;LAMSGROEN;2,0;0,0;0,0;0,0;0,0;0,0;;;;;2,0
72;2023-01-23;12:20;GROENENDAAL;13,0;0,0;0,0;10,0;3,0;1,0;;;;IJS HAKKEN;27,0
73;2023-01-23;9:30;POSBANK;0,0;0,0;0,0;5,0;0,0;0,0;;;;;5,0
74;2023-01-23;10:00;BRABANTSE HEIDE;4,0;0,0;0,0;4,0;2,0;1,0;;;;;11,0
75;2023-01-23;10:20;CAROLINAHOEVE;3,0;0,0;0,0;10,0;1,0;0,0;;;;;14,0
76;2023-01-30;13:45;LOENENSEVELD;12,0;0,0;1,0;24,0;1,0;3,0;;;;;41,0
77;2023-01-30;14:30;GROENENDAAL;11,0;0,0;0,0;21,0;2,0;4,0;;;;;38,0
78;2023-01-30;15:30;DE BRAAK;0,0;1,0;0,0;6,0;0,0;0,0;;;;;7,0
79;2023-01-30;16:00;LAMSGROEN - NOORDHOEK;5,0;0,0;0,0;1,0;0,0;0,0;;;;1 STIER LOOPT 'VOORZICHTIG' DONKERE HOOGLANDER - STIER;6,0
80;2023-01-30;16:10;TONNEKESWEG/BLOEMERSWEG;1,0;1,0;0,0;0,0;0,0;1,0;;;;APATHISCH GEDRAG. STUUR VIDEO + FOTO;3,0
81;2023-01-30;16:20;FIETSPAD TAFELBERG;1,0;0,0;0,0;0,0;0,0;0,0;;;;;1,0
82;2023-01-30;11:30;KLEINE HEIDE;2,0;0,0;0,0;0,0;0,0;0,0;;;;DEELERWOUD G.B.;2,0
83;2023-01-30;12:00;RUSTGEBIED AKKER;4,0;0,0;0,0;0,0;0,0;0,0;;;;DEELERWOUD G.B.;4,0
84;2023-01-30;13:00;VAN KOOTENSWEG, RUSTGEBIED;0,0;0,0;0,0;0,0;0,0;0,0;;;;VERSE SPOREN RUITER EN ATB;0,0
85;2023-01-30;13:20;AKKER VAN IMGENSWEG;3,0;0,0;0,0;0,0;0,0;0,0;;;;DEELERWOUD/VOERAKKER G.B.;3,0
86;2023-01-30;10:00;TERLETSE HEIDE - HESSENGAT;5,0;0,0;0,0;12,0;5,0;1,0;;;;KOEIEN BIJ HESSENGAT;23,0
87;2023-01-30;10:30;WOLFSDEL - TERLETSEWEG;0,0;0,0;0,0;3,0;1,0;2,0;;;;;6,0
88;2023-02-06;13:30;TERLET;14,0;1,0;0,0;21,0;2,0;0,0;;;;VEEL VERPLAATSINGEN OP ZOEK NAAR EETBAAR GRAS;38,0
89;2023-02-06;14:30;RINGALLEE - DE BRAAK;0,0;0,0;0,0;4,0;0,0;1,0;;;;CONDITIE GOED;5,0
90;2023-02-06;14:40;GROENENDAAL;9,0;1,0;2,0;8,0;1,0;3,0;;;;+ ONZE OUDSTE STIER;24,0
91;2023-02-06;15:00;LOENENSEVELD;20,0;0,0;0,0;37,0;2,0;1,0;;;;GEEN VERZWAKT KALF AANGETROFFEN;60,0
92;2023-02-06;16:00;TERLETSE HEIDE - 5 EIKEN;1,0;0,0;0,0;4,0;0,0;0,0;;;;;5,0
93;2023-02-06;14:30;RINGALLEE - DE BRAAK;0,0;0,0;0,0;4,0;0,0;1,0;;;;CONDITIE GOED;5,0
94;2023-02-06;10:15;TONNEKESWEG - VIP HOOGZIT;0,0;0,0;0,0;0,0;0,0;0,0;;;;;0,0
95;2023-02-06;11:10;LAMSGROEN + IMBOSCH WEILAND;4,0;0,0;0,0;1,0;0,0;0,0;;;;1X MELDING STIERTJE BETREFT VERZWAKT BEEST. KAN NU NIET MEER OPSTAAN. EDGAR + PAUL GEINFORMEERD;5,0
96;2023-02-06;12:45;R.I.N. - AKKER;2,0;0,0;0,0;0,0;0,0;0,0;;;;DRUK FOURAGEERGEBIED;2,0
97;2023-02-06;10:00;LAPPENDEKEN;2,0;0,0;1,0;2,0;3,0;0,0;;;;;8,0
98;2023-02-06;10:15;CAROLINAHOEVE;4,0;1,0;0,0;9,0;0,0;0,0;;;;RUSTIG, ALLEMAAL DRUK GRAZEND;14,0
99;2023-02-06;00:00;BROODBULT - GROOTE EMMER - POSBANK;0,0;0,0;0,0;0,0;0,0;0,0;;;;;0,0
100;2023-02-13;12:40;T.O.V. BIJ VAN ARK, BOSPERCEEL;1,0;0,0;0,0;0,0;0,0;0,0;;;;;1,0
101;2023-02-13;13:10;GROENENDAAL;8,0;3,0;1,0;12,0;1,0;2,0;;;;;27,0
102;2023-02-13;14:00;LOENENSEVELD;9,0;0,0;0,0;10,0;0,0;0,0;;;;;19,0
103;2023-02-13;14:45;TERLET + GRENSHEIDE;17,0;5,0;1,0;47,0;4,0;0,0;;;;;74,0
104;2023-02-13;00:00;LAMSGROEN;0,0;0,0;0,0;0,0;0,0;0,0;;;;;0,0
105;2023-02-13;9:45;LAPPENDEKEN;12,0;0,0;1,0;2,0;1,0;1,0;;;;;17,0
106;2023-02-13;10:00;CAROLINAHOEVE;1,0;1,0;0,0;9,0;0,0;0,0;;;;;11,0
107;2023-02-13;10:30;B BL.WEG - FAGELSHEIDE;2,0;0,0;0,0;3,0;0,0;1,0;;;;THV ELSBERG -> WAPENVEEN;6,0
108;2023-02-13;11:30;TONNEKESWEG - RH. W. RH. HEIDE;2,0;0,0;0,0;0,0;0,0;0,0;;;;TOV INGANG MEIDOORNSTRUIK;2,0
109;2023-02-13;11:30;MAIDOORNSTRUIK - WATERGAT;0,0;0,0;0,0;2,0;0,0;0,0;;;;;2,0
110;2023-02-13;12:00;RINGALLEE/BRANDTORENWEG ROOSENDAAL;4,0;0,0;0,0;1,0;0,0;0,0;;;;RINGALLEE THV BR.TO.WEG. 1 STIER WEINIG ALERT. FOTO'S GEMAAKT;5,0
111;2023-02-20;16:40;VOSSENBERGEN/ONZALIGE BOSSEN;0,0;0,0;0,0;3,0;0,0;0,0;;;;CONDITIE PRIMA! '3'. VIDEO'S GEMAAKT TER INFO;3,0
112;2023-02-20;14:30;TERLETSE HEIDE;1,0;0,0;0,0;0,0;0,0;0,0;;;;BIJZONDER! GEEN KOEIEN, BEHALVE B.S. STIER BIJ VOERAKKER;1,0
113;2023-02-20;11:45;LAMSGROEN;0,0;0,0;0,0;0,0;0,0;0,0;;;;;0,0
114;2023-02-20;15:10;DELHUIZEN ROOSENDAAL;2,0;0,0;0,0;4,0;0,0;0,0;;;;;6,0
115;2023-02-20;13:15;LOENENSEVELD;21,0;0,0;1,0;30,0;1,0;3,0;;;;;56,0
116;2023-02-20;14:00;DE BRAAK;3,0;0,0;0,0;1,0;0,0;0,0;;;;;4,0
117;2023-02-20;14:30;TERLET;0,0;0,0;0,0;0,0;0,0;0,0;;;;;0,0
118;2023-02-20;11:00;BLOEMERSWEG - TONNEKESWEG;0,0;0,0;0,0;2,0;0,0;0,0;;;;;2,0
119;2023-02-20;11:40;EERBEEKSEWEG - GRIJZE BERG;2,0;0,0;0,0;1,0;0,0;0,0;;;;1 STIER LOOPT TRAAG/STIJF. AL EERDER GEMELDT / HOUDT ONZE AANDACHT!;3,0
120;2023-02-20;00:00;GROENENDAAL;4,0;3,0;0,0;27,0;5,0;0,0;;;;;39,0
121;2023-02-20;10:20;HAVERKIST;1,0;0,0;0,0;4,0;0,0;0,0;;;;;5,0
122;2023-02-20;10:50;WAPENVEEN;0,0;0,0;1,0;4,0;1,0;0,0;;;;;6,0
123;2023-02-20;10:50;ELSBERG;2,0;0,0;0,0;0,0;0,0;0,0;;;;;2,0
124;2023-02-20;9:50;LAPPENDEKEN;8,0;1,0;1,0;6,0;0,0;1,0;;;;;17,0
125;2023-02-20;10:10;DRIETIMP;0,0;0,0;0,0;3,0;0,0;0,0;;;;;3,0
126;2023-02-20;10:15;CAROLINAHOEVE;0,0;0,0;0,0;0,0;0,0;0,0;;;;;0,0
127;2023-02-27;12:30;TERLETSE HEIDE/TERLETSE WEI;8,0;0,0;0,0;0,0;0,0;0,0;;;;WATERGATEN OPEN;8,0
128;2023-02-27;12:30;TERLET WEILAND;0,0;0,0;0,0;0,0;0,0;0,0;;;;;0,0
129;2023-02-27;13:30;DE SLOTEN - DEELERWOUD;2,0;0,0;0,0;0,0;0,0;0,0;;;;VIJVER VAN INGENSWEG VOLDOENDE IJSVRIJ;2,0
130;2023-02-27;10:00;WAPENVEEN + DOORNSTRUIK;0,0;0,0;0,0;0,0;0,0;0,0;;;;IJS GEHAKT;0,0
131;2023-02-27;11:10;LAMSGROEN;6,0;0,0;0,0;1,0;0,0;0,0;;;;+ IJS HAKKEN;7,0
132;2023-02-27;12:00;TERLETSE HEIDE - 5 EIKEN;7,0;0,0;1,0;19,0;2,0;0,0;;;;HESSENGAT IJS GEHAKT + CONTROLE CONDITIE;29,0
133;2023-02-27;13:50;MARIENHULBERG - DEELERWOUD;1,0;0,0;0,0;0,0;0,0;0,0;;;;VOLDOENDE IJSVRIJ;1,0
134;2023-02-27;15:00;LOENENSEVELD;11,0;0,0;1,0;19,0;2,0;1,0;;;;;34,0
135;2023-02-27;15:30;GROENENDAAL;10,0;0,0;1,0;14,0;1,0;1,0;;;;;27,0
136;2023-03-06;13:45;TERLETSE HEIDE;5,0;0,0;0,0;0,0;0,0;0,0;;;;;5,0
137;2023-03-06;14:00;TERLET;11,0;2,0;1,0;28,0;1,0;1,0;;;;1 STIERTJE - HALF STAARTJE. STIERTJE PAS GEBOREN. KOE ZWART = ZOGEND;44,0
138;2023-03-06;14:45;GROENENDAAL;20,0;1,0;0,0;21,0;1,0;2,0;;;;;45,0
139;2023-03-06;15:45;BRANDGANG ACHTER TONNEKESWEG;2,0;0,0;0,0;1,0;0,0;0,0;;;;ALGEMEEN: VEEL SCHURENDE EN KRABBENDE BEESTEN > JEUK;3,0
140;2023-03-06;12:00;WILDAKKER TONNEKESWEG;0,0;0,0;0,0;0,0;0,0;0,0;;;;POSBANK, BLOEMERSWEG, TONNEKESWEG GEEN KOEIEN AANGETROFFEN;0,0
141;2023-03-06;12:05;DOORNSTRUIK;3,0;0,0;0,0;1,0;0,0;0,0;;;;MATIGE GEZONDHEID. ENKELE STERK VERMAGERD, W.O. STIER EN KOE (FUTLOOS). FOTO'S GEMAAKT.;4,0
142;2023-03-06;13:00;KERKEPAD;4,0;0,0;0,0;0,0;0,0;0,0;;;;;4,0
143;2023-03-06;10:15;HET ASSELT;1,0;0,0;0,0;0,0;0,0;0,0;;;;IN BOSPERCEEL;1,0
144;2023-03-06;10:30;LAPPENDEKEN;1,0;0,0;1,0;0,0;3,0;1,0;;;;;6,0
145;2023-03-06;10:45;CAROLINAHOEVE;3,0;0,0;0,0;15,0;0,0;1,0;;;;1 KOE MET KALE PLEKKEN. GOED VRAATGEDRAG;19,0
146;2023-03-14;14:20;DELHUYSEN ROOSENDAAL;2,0;0,0;0,0;0,0;0,0;0,0;;;;;2,0
147;2023-03-14;14:40;MOFFENDORP BRANDTORENWEG;2,0;0,0;0,0;0,0;0,0;0,0;;;;;2,0
148;2023-03-14;12:30;GROENENDAAL;0,0;0,0;2,0;12,0;1,0;0,0;;;;+ 10 MANNELIJKE DAMHERTEN;15,0
149;2023-03-14;13:00;DE BRAAK;1,0;0,0;0,0;0,0;0,0;0,0;;;;;1,0
150;2023-03-14;13:50;TERLETSE HEIDE BIJ WATER TERLETSE WEG;1,0;0,0;0,0;0,0;0,0;0,0;;;;;1,0
151;2023-03-14;10:00;TERLET;9,0;1,0;1,0;23,0;0,0;1,0;;;;KALFJE NIET MEER AANGETROFFEN! VIDEO GEMAAKT VAN KOEIEN + MOEDER. LICHTE PANIEK - ONRUSTIG!;35,0
152;2023-03-14;11:15;DEELERWOUD NABIJ HOENDERLOOSEWEG;3,0;0,0;0,0;0,0;0,0;0,0;;;;;3,0
153;2023-03-14;14:45;RAMENBERG - LOENENSEVELD;24,0;3,0;0,0;46,0;4,0;5,0;;;;BRUINE KIEKENDIEF GESPORT (MAN);82,0
154;2023-03-20;15:00;TERLETSE HEIDE - 5 EIKEN;4,0;0,0;0,0;0,0;0,0;0,0;;;;;4,0
155;2023-03-20;15:45;DELHUYZEN;4,0;0,0;0,0;0,0;0,0;0,0;;;;2 GEITEN + BOK (REE) + 3 GEVLAMDE VLINDERS!;4,0
156;2023-03-20;15:00;KERKEPAD;0,0;0,0;0,0;0,0;0,0;0,0;;;;;0,0
157;2023-03-20;12:35;GROENENDAAL;12,0;1,0;0,0;14,0;1,0;6,0;;;;2 pas geboren kalf + haas;34,0
158;2023-03-20;13:30;LOENENSEVELD;8,0;1,0;0,0;23,0;1,0;5,0;;;;2 pas geboren;38,0
159;2023-03-20;14:15;TERLET;0,0;3,0;0,0;33,0;3,0;3,0;;;;2 pas geboren wv. 1 bekend. Foto's gemaakt;42,0
160;2023-03-20;10:40;WAPENVEEN;3,0;0,0;0,0;0,0;0,0;0,0;;;;;3,0
161;2023-03-20;10:55;DOORNSTRUIK;3,0;0,0;0,0;0,0;0,0;0,0;;;;;3,0
162;2023-03-20;11:45;LAMSGROEN - NOORDHOEK;4,0;0,0;0,0;1,0;0,0;0,0;;;;;5,0
163;2023-03-20;9:30;POSBANK;0,0;0,0;2,0;5,0;1,0;0,0;;;;;8,0
164;2023-03-20;9:45;LAPPENDEKEN;2,0;0,0;0,0;10,0;0,0;1,0;;;;;13,0
165;2023-03-20;10:00;CAROLINAHOEVE;1,0;1,0;0,0;4,0;1,0;0,0;;;;;7,0
166;2023-03-27;15:45;DOORNSTRUIK;2,0;0,0;0,0;0,0;0,0;0,0;;;;;2,0
167;2023-03-27;16:15;ELSBERG;2,0;0,0;0,0;1,0;0,0;0,0;;;;;3,0
168;2023-03-27;13:15;TERLET;0,0;4,0;0,0;21,0;2,0;2,0;;;;;29,0
169;2023-03-27;13:45;GROENENDAAL;12,0;1,0;4,0;36,0;0,0;10,0;;;;Pas geboren kalfjes;63,0
170;2023-03-27;14:30;LOENENSEVELD - RAMENBERG;6,0;0,0;1,0;1,0;0,0;0,0;;;;Pas geboren;8,0
171;2023-03-27;15:10;TERLETSE HEIDE GRENS A50;2,0;0,0;0,0;0,0;0,0;0,0;;;;;2,0
172;2023-03-27;15:20;TERLETSE HEIDE;3,0;0,0;0,0;0,0;0,0;0,0;;;;;3,0
173;2023-03-27;15:30;RIM-AKKER;0,0;0,0;0,0;0,0;0,0;0,0;;;;Geen koeien +- 9 dammen op weide;0,0
174;2023-03-27;11:00;BRINKHORSTERWEG / DEELERWOUD INGANG RUSTGEBIED;4,0;0,0;0,0;0,0;0,0;0,0;;;;1x roodborsttapuit;4,0
175;2023-03-27;12:30;KLEINE HEIDE NABIJ WALWEG;1,0;0,0;0,0;0,0;0,0;0,0;;;;;1,0
176;2023-03-27;13:00;TERLET - WEILAND - A50 - VLIEGVELD;7,0;1,0;2,0;13,0;0,0;0,0;;;;2x pas geboren kalfjes;23,0
177;2023-03-27;10:00;TONNEKES, WILDAKKER;0,0;0,0;0,0;0,0;0,0;0,0;;;;N.A. HOUDT AANDACHT;0,0
178;2023-03-27;10:05;TONNEKESWEG;1,0;0,0;0,0;0,0;0,0;0,0;;;;FOTO'S + VIDEO NIET VERONTRUSTEND. HOEVEN;1,0
179;2023-03-27;10:05;TONNEKESWEG;3,0;0,0;0,0;1,0;0,0;0,0;;;;1x paartje mandarijneenden;4,0
180;2023-04-03;16:15;PANNEBERGEN - ATB ROUTE;1,0;0,0;0,0;0,0;0,0;0,0;;;;;1,0
181;2023-04-03;15:15;TERLET VLIEGVELD;5,0;0,0;1,0;15,0;0,0;1,0;;;;Pas geboren;22,0
182;2023-04-03;15:45;TERLETSE HEIDE - EERBEEKSEWEG;0,0;0,0;0,0;1,0;0,0;0,0;;;;;1,0
183;2023-04-03;16:00;TONNEKES;0,0;0,0;0,0;2,0;0,0;0,0;;;;;2,0
184;2023-04-03;12:30;TERLET;0,0;0,0;0,0;0,0;0,0;0,0;;;;NIETS AANGETROFFEN. WOLF??;0,0
185;2023-04-03;12:30;DE BRAAK;0,0;0,0;0,0;0,0;0,0;0,0;;;;NIETS AANGETROFFEN. WOLF??;0,0
186;2023-04-03;13:00;GROENENDAAL;8,0;1,0;2,0;15,0;4,0;0,0;;;;Pas geboren. Foto's + film. 1 kalf geslachtofferd door wolf!;30,0
187;2023-04-03;14:15;LOENENSEVELD;14,0;2,0;3,0;25,0;1,0;5,0;;;;Pas geboren 8x;50,0
188;2023-04-03;9:30;KOUWENBERG / LAPPENDEKEN;6,0;2,0;0,0;9,0;2,0;0,0;;;;;19,0
189;2023-04-03;10:15;CAROLINAHOEVE;0,0;0,0;2,0;7,0;0,0;1,0;;;;PAS GEBOREN;10,0
190;2023-04-03;11:00;WAPENVEEN;1,0;0,0;0,0;0,0;0,0;0,0;;;;RINGALLEE THV INGANG WAPENVEEN. 1 KEILER;1,0
191;2023-04-03;9:20;POSBANK, VIP;0,0;0,0;0,0;0,0;0,0;0,0;;;;N.A.;0,0
192;2023-04-03;12:00;LAMSGROEN;3,0;0,0;0,0;1,0;0,0;0,0;;;;;4,0
193;2023-04-03;12:15;TERLETSE HEIDE;2,0;0,0;0,0;0,0;0,0;0,0;;;;;2,0
194;2023-04-11;15:15;ATB ROUTE NABIJ BR.TO.WEG;1,0;0,0;0,0;0,0;0,0;0,0;;;;;1,0
195;2023-04-11;00:00;TONNEKESWEG - MEIDOORNSTRUIK;0,0;0,0;0,0;0,0;0,0;0,0;;;;N.A.;0,0
196;2023-04-11;14:15;LAMSGROEN E.O.;0,0;0,0;0,0;0,0;0,0;0,0;;;;N.A.;0,0
197;2023-04-11;14:30;CAROLINAHOEVE;5,0;1,0;2,0;8,0;1,0;1,0;;;;PAS GEBOREN (19 KALFJES);18,0
198;2023-04-11;14:45;LAPPENDEKEN;1,0;2,0;1,0;8,0;0,0;1,0;;;;PAS GEBOREN (20);13,0
199;2023-04-11;14:15;LAMSGROEN E.O.;0,0;0,0;0,0;0,0;0,0;0,0;;;;N.A.;0,0
200;2023-04-11;12:45;GROENENDAAL;12,0;1,0;1,0;18,0;1,0;4,0;;;;(16) PAS GEBOREN;37,0
201;2023-04-11;13:30;TERLET (AKKER);0,0;0,0;0,0;0,0;0,0;0,0;;;;TREKROUTE WOLF? OID?;0,0
202;2023-04-11;13:45;TERLETSE HEIDE (BEUKEN);5,0;0,0;0,0;0,0;0,0;0,0;;;;N.A.;5,0
203;2023-04-11;9:30;DEELERWOUD, HOOG DEELENSEWEG;3,0;0,0;0,0;0,0;0,0;0,0;;;;;3,0
204;2023-04-11;10:45;HALFSROESIN / KLEINE HEIDE;2,0;0,0;0,0;0,0;0,0;0,0;;;;;2,0
205;2023-04-11;11:30;RAMENBERG - LOENENSEVELD;11,0;1,0;10,0;26,0;2,0;3,0;;;;PAS GEBOREN (13);53,0
206;2023-04-17;16:20;BLOEMERSWEG;1,0;0,0;0,0;0,0;0,0;0,0;;;;MET KALE PLEKKEN. FOTO GEMAAKT;1,0
207;2023-04-17;16:00;LAMSGROEN;0,0;0,0;0,0;0,0;0,0;0,0;;;;N.A.;0,0
208;2023-04-17;12:05;TERLET;3,0;8,0;14,0;47,0;3,0;2,0;;;;PAS GEBOREN (1)(2)(4);77,0
209;2023-04-17;13:30;LOENENSEVELD;18,0;1,0;7,0;21,0;3,0;1,0;;;;Pas geboren (12);51,0
210;2023-04-17;14:30;GROENENDAAL;9,0;1,0;2,0;8,0;1,0;0,0;;;;Mank lopende stier. video toegezonden. 3 stieren w.o. onze nestor. (14)(2) pas geboren (restanten kals pootje). Roedel 17 edelherten enkele met bestaand gewei (op foto!). Totaal 21 kalfjes;21,0
211;2023-04-17;11:10;TERLETSE HEIDE;2,0;0,0;0,0;0,0;0,0;0,0;;;;T.H.V. HESSENGAT;2,0
212;2023-04-17;11:30;DELHUYZEN ROOZENDAAL;1,0;0,0;0,0;1,0;0,0;0,0;;;;;2,0
213;2023-04-17;12:00;TERLET VLIEGVELD WEILAND;0,0;0,0;0,0;0,0;0,0;0,0;;;;N.A.;0,0
214;2023-04-17;9:45;LAPPENDEKEN;0,0;0,0;1,0;3,0;0,0;0,0;;;;Pas geboren (1);4,0
215;2023-04-17;10:00;BRANTSENHEIDE POEL;4,0;1,0;2,0;11,0;0,0;3,0;;;;6;21,0
216;2023-04-17;10:45;POSBANK, TUNNEKES EN DOORNSTRUIK;0,0;0,0;0,0;0,0;0,0;0,0;;;;N.A. RIETGORS + ZANGLIJSTER. FOTO;0,0
217;2023-04-24;16:00;IJZERBAAN T.H.V. BLOEMERSWEG;5,0;1,0;1,0;9,0;3,0;0,0;;;;Pasgeboren 1 SK;19,0
218;2023-04-24;14:45;TERLET - KRUISING VLIEGVELD;7,0;1,0;0,0;19,0;2,0;0,0;;;;4 geslacht nog niet bekend. Apeldoornseweg;29,0
219;2023-04-24;15:15;TERLET WEILAND VLIEGVELD;5,0;0,0;0,0;17,0;1,0;1,0;;;;Pas geboren 1 vk. Koeien vormen linie rondom kalf en zijn erg ril. Verdwenen ri. wildviaduct;24,0
220;2023-04-24;15:30;GRIJZEBERG T.H.V. RINGALLEE;3,0;0,0;0,0;1,0;0,0;0,0;;;;;4,0
221;2023-04-24;12:45;LOENENSE VELD;0,0;0,0;3,0;11,0;0,0;3,0;;;;PAS GEBOREN 3 SK 3 VK;17,0
222;2023-04-24;14:00;DEELERWOUD - RUSTGEBIED BR. WEG;4,0;0,0;0,0;0,0;0,0;0,0;;;;GROTE HEIDE;4,0
223;2023-04-24;14:20;DW KLEINE HEIDE;2,0;0,0;0,0;0,0;0,0;0,0;;;;N.A.;2,0
224;2023-04-24;11:15;EERBEKSEWEG - LAMSGROEN;3,0;0,0;0,0;1,0;0,0;0,0;;;;;4,0
225;2023-04-24;11:40;TERLET;0,0;0,0;0,0;0,0;0,0;0,0;;;;N.A. OOK GEEN RESTANTEN KALFJES;0,0
226;2023-04-24;12:00;GROENENDAAL DEELS FAKKERT;20,0;2,0;4,0;32,0;4,0;4,0;;;;PAS GEBOREN 4 SK VK;66,0
227;2023-04-24;10:10;LAPPENDEKEN / BRABANTSE HEIDE;3,0;1,0;3,0;11,0;2,0;2,0;;;;PAS GEBOREN 3 S 2 V. ENKELE FOTO'S GPS;22,0
228;2023-04-24;10:30;BURMANIA-ALLEE (DRIE TIMP.;4,0;0,0;0,0;0,0;0,0;0,0;;;;N.A.;4,0
229;2023-04-24;10:45;CAROLINAHOEVE;0,0;0,0;0,0;0,0;0,0;0,0;;;;N.A.;0,0
230;2023-05-01;15:30;POSBANK;0,0;1,0;0,0;5,0;0,0;0,0;;;;N.A.;6,0
231;2023-05-01;15:15;LAPPENDEKEN;0,0;2,0;0,0;4,0;1,0;0,0;;;;G.B. GEEN KALFJES WAARGENOMEN;7,0
232;2023-05-01;14:35;BLOEMERSWEG - ATB-ROUTE;2,0;0,0;0,0;0,0;0,0;0,0;;;;;2,0
233;2023-05-01;14:45;RH. WO. RH. HEIDE VANAF BL. WEG;8,0;0,0;0,0;0,0;0,0;0,0;;;;;8,0
234;2023-05-01;15:00;CAROLINAHOEVE;0,0;0,0;0,0;0,0;0,0;0,0;;;;N.A. GEEN KALFJES;0,0
235;2023-05-01;13:45;TERLET ACHTER VLIEGVELD;0,0;0,0;0,0;0,0;0,0;0,0;;;;N.A. WEINIG GRAS;0,0
236;2023-05-01;14:00;TERLETSE HEIDE THV. EIKEN;2,0;0,0;0,0;0,0;0,0;0,0;;;;;2,0
237;2023-05-01;14:15;EERBEEKSEWEG THV VARKENSBOS;3,0;0,0;0,0;1,0;0,0;0,0;;;;N.A.;4,0
238;2023-05-01;11:50;LOENENSEVELD;4,0;0,0;0,0;0,0;0,0;0,0;;;;W.O. ONZE OUDE VRIEND. VERDER GEEN KOEIEN AANGETROFFEN?;4,0
239;2023-05-01;12:10;GROENENDAAL;20,0;4,0;10,0;35,0;0,0;3,0;;;;PAS GEBOREN 3 VK 9 SK;72,0
240;2023-05-01;13:00;TERLET;6,0;1,0;6,0;22,0;2,0;1,0;;;;VK: 1 SK: 5;38,0
241;2023-05-01;9:45;DELHUYZEN;4,0;0,0;0,0;3,0;0,0;0,0;;;;;7,0
242;2023-05-01;10:15;DW EENDENKOOI;0,0;0,0;0,0;0,0;0,0;0,0;;;;I.V.M. SCHURFT E.O. LUIS KALE ZWARTE STIER;0,0
243;2023-05-01;10:45;DW - WALWEG - KL. HEIDE;4,0;0,0;0,0;1,0;0,0;0,0;;;;W.O. 1 STIER MET SCHURFT E.O. LUIS (ZWART);5,0
244;2023-05-08;12:50;TERLET;16,0;1,0;7,0;16,0;3,0;3,0;;;;PAS GEBOREN: SK 5 VK 3;46,0
245;2023-05-08;13:30;GROENENDAAL;16,0;1,0;1,0;16,0;3,0;2,0;;;;FOTO GEMAAKT ZWART + ONZE OUDE VRIEND;39,0
246;2023-05-08;00:00;LOENENSEVELD;13,0;2,0;12,0;31,0;0,0;3,0;;;;PAS GEBOREN: VK 3 SK 10;61,0
247;2023-05-08;11:45;GERBEEKSEWEG THV VELPERWEG;2,0;0,0;0,0;1,0;0,0;0,0;;;;;3,0
248;2023-05-08;12:00;LAMSGROEN;0,0;0,0;0,0;0,0;0,0;0,0;;;;N.A.;0,0
249;2023-05-08;12:10;HESSENGAT / TERLETSE HEIDE;1,0;0,0;0,0;0,0;0,0;0,0;;;;;1,0
250;2023-05-08;15:15;VARKENSBOS;2,0;0,0;0,0;1,0;0,0;0,0;;;;;3,0
251;2023-05-08;15:30;VOERWEIDE TONNEKES;0,0;0,0;0,0;1,0;0,0;0,0;;;;ZWANGERE KOE. ZWARE UIERS. FOTO GEMAAKT;1,0
252;2023-05-08;9:45;BRABANTSE HEIDE;3,0;2,0;1,0;5,0;0,0;0,0;;;;;11,0
253;2023-05-08;10:00;CAROLINAHOEVE;3,0;0,0;7,0;9,0;0,0;2,0;;;;PAS GEBOREN: SK 6 VK 1;21,0
254;2023-05-08;11:00;BLOEMERSWEG THV IJZERBAAN;0,0;0,0;0,0;3,0;0,0;0,0;;;;;3,0
255;2023-05-08;11:05;ELSBERG;1,0;0,0;0,0;0,0;0,0;0,0;;;;;1,0
256;2023-05-08;11:30;TONNEKESWEG THV ATB ROUTE;3,0;0,0;0,0;1,0;0,0;0,0;;;;ATB'ERS GOEDE RICHTING GEWEZEN;4,0
257;2023-05-08;11:40;DOORNSTRUIK;1,0;0,0;0,0;0,0;0,0;0,0;;;;;1,0
258;2023-05-15;15:35;DELHUYZEN + TANKBAAN;4,0;0,0;0,0;0,0;0,0;0,0;;;;;4,0
259;2023-05-15;16:00;BRANDTSINGEL ACHTER TONNEKES;1,0;0,0;0,0;0,0;0,0;0,0;;;;;1,0
260;2023-05-15;16:10;TONNEKESWEG;3,0;0,0;0,0;0,0;0,0;0,0;;;;;3,0
261;2023-05-15;13:15;LOENENSEVELD / RAMENBERG;12,0;2,0;2,0;11,0;0,0;0,0;;;;PAS GEBOREN M 1;27,0
262;2023-05-15;14:00;DEELERWOUD / KLEINE HEIDE;3,0;0,0;0,0;0,0;0,0;0,0;;;;;3,0
263;2023-05-15;15:23;ZWEEFVLIEGCENTRUM / NEITJE;0,0;0,0;0,0;0,0;0,0;0,0;;;;NIETS AANGETROFFEN!;0,0
264;2023-05-15;11:40;TERLETSE HEIDE TH TERLETSEBERG;3,0;0,0;0,0;0,0;1,0;0,0;;;;;4,0
265;2023-05-15;12:00;TERLET;12,0;3,0;4,0;28,0;2,0;2,0;;;;PAS GEBOREN M 4 V 2;51,0
266;2023-05-15;12:40;GROENENDAAL;15,0;0,0;7,0;24,0;2,0;8,0;;;;PAS GEBOREN V 6 M 7;56,0
267;2023-05-15;10:30;TONNEKESWEG / HOEK BLOEMERSWEG;4,0;0,0;0,0;0,0;0,0;0,0;;;;;4,0
268;2023-05-15;10:50;DOORNSTRUIK;2,0;0,0;0,0;0,0;0,0;0,0;;;;;2,0
269;2023-05-15;11:15;LAMSGROEN;2,0;0,0;0,0;1,0;0,0;0,0;;;;;3,0
270;2023-05-15;9:20;POSBANK;0,0;0,0;0,0;0,0;0,0;0,0;;;;NIETS AANGETROFFEN!;0,0
271;2023-05-15;9:30;LAPPENDEKEN;0,0;0,0;0,0;0,0;0,0;0,0;;;;NIETS AANGETROFFEN;0,0
272;2023-05-15;10:00;CAROLINAHOEVE;6,0;2,0;3,0;14,0;1,0;2,0;;;;PAS GEBOREN M 3 V 2;28,0
273;2023-09-04;15:15;BRINKHORSTERWEG - WATERPOEL;2,0;0,0;0,0;0,0;0,0;0,0;;;;;2,0
274;2023-09-04;16:00;TERLETSE HEIDE;2,0;0,0;0,0;0,0;0,0;0,0;;;;;2,0
275;2023-09-04;16:30;TONNEKES BIJ POEL;6,0;1,0;2,0;14,0;1,0;5,0;;;;FOTO'S;29,0
276;2023-08-21;10:00;DELHUYZEN;1,0;0,0;0,0;0,0;0,0;0,0;;;;STIER MET GEKWETST OOG/VERWONDING. FOTO'S GEMAAKT/TOPO - VEEL VLIEGEN!;1,0
277;2023-08-21;10:40;WEILAND ACHTER ZWEEFVL. CENTRUM;0,0;0,0;0,0;0,0;0,0;0,0;;;;N.A.;0,0
278;2023-08-21;11:10;HALFROESCHLM - KL. HEIDE. DW.;1,0;0,0;0,0;0,0;0,0;0,0;;;;ZELFDE SITUATIE. OOG DICHT. VEEL PARASIETEN. FOTO'S GEMAAKT, TOPO;1,0
279;2023-08-21;12:15;DW. BRINKHORSTERWEG;7,0;0,0;0,0;5,0;0,0;0,0;;;;GEINFECTEERD DOOR PARASIETEN. FOTO'S. SLIJM - HOESTEN - OGEN ONTSTOKEN;12,0
280;2023-08-21;13:30;LOENENSEVELD;0,0;0,0;0,0;0,0;0,0;0,0;;;;N.A. ALLEEN DAMHERTEN (GEWEIDRAGERS);0,0
281;2023-08-21;14:15;;16,0;3,0;11,0;37,0;1,0;4,0;;;;GEEN PARASIETEN. 1 MAGER EXEMPLAAR. FOTO;72,0
282;2023-08-21;14:30;TERLET;19,0;3,0;7,0;27,0;7,0;6,0;;;;GEEN OVERLAST PARASIETEN;69,0
283;2023-08-21;15:20;VARKENSBOS;3,0;0,0;0,0;1,0;0,0;0,0;;;;;4,0
284;2023-08-21;15:40;LAMSGROEN - TONNEKES - LAPPENDEKEN;0,0;0,0;0,0;0,0;0,0;0,0;;;;N.A.;0,0
285;2023-08-07;10:00;LAPPENDEKEN - ROUWENBERG;11,0;2,0;2,0;10,0;0,0;2,0;;;;;27,0
286;2023-08-07;11:00;WILDAKKER TONNEKESWEG;2,0;0,0;1,0;3,0;0,0;2,0;;;;;8,0
287;2023-08-07;10:30;WAPENVEEN, CAROLINAHOEVE;0,0;0,0;0,0;0,0;0,0;0,0;;;;N.A.;0,0
288;2023-08-07;12:00;LAMSGROEN;0,0;0,0;0,0;0,0;0,0;0,0;;;;N.A. IMBOSBERG BERK OVER PAD. RICHARD INGELICHT;0,0
289;2023-08-07;12:15;BEERENBERG - THV FIETSPAD;3,0;0,0;0,0;1,0;0,0;0,0;;;;;4,0
290;2023-08-07;12:25;EERBEEKSEWEG;2,0;1,0;0,0;0,0;0,0;0,0;;;;;3,0
291;2023-08-07;12:45;DELHUYZEN;0,0;0,0;0,0;0,0;0,0;0,0;;;;N.A.;0,0
292;2023-08-07;13:00;TERLET;18,0;3,0;8,0;30,0;2,0;4,0;;;;PAS GEBOREN SK: 1;65,0
293;2023-08-07;14:20;GROENENDAAL;2,0;0,0;0,0;0,0;0,0;0,0;;;;;2,0
294;2023-08-07;15:00;LOENENSEVELD;22,0;2,0;6,0;20,0;5,0;7,0;;;;PAS GEBOREN: SK: 2;62,0
295;2023-07-24;00:00;LAPPENDEKEN;0,0;0,0;0,0;0,0;0,0;0,0;;;;N.A.;0,0
296;2023-07-24;00:00;CAROLINAHOEVE;0,0;0,0;0,0;0,0;0,0;0,0;;;;N.A.;0,0
297;2023-07-24;00:00;POSBANK;0,0;0,0;0,0;0,0;0,0;0,0;;;;N.A.;0,0
298;2023-07-24;10:20;WILDAKKER ONZALIGEN / WAPENVEEN ELSBERG BLOEMERSWEG;0,0;0,0;0,0;0,0;0,0;0,0;;;;N.A.;0,0
299;2023-07-24;11:15;WILDAKKER - TONNEKESWEG;16,0;1,0;4,0;23,0;2,0;5,0;;;;2X WILDAKKER. VERSPREID LANGS TONNEKESWEG / WRHH;51,0
300;2023-07-24;00:00;EERBEEKSEWEG THV LAMSGROEN;4,0;0,0;0,0;1,0;0,0;0,0;;;;1X +20JR;5,0
301;2023-07-24;13:00;TERLETSEWEG - NIEUWE AANLEG;5,0;0,0;1,0;5,0;0,0;0,0;;;;PAS GEBOREN: SK 1;11,0
302;2023-07-24;13:15;TERLET;21,0;0,0;7,0;22,0;2,0;0,0;;;;1 STIER MET GEPERFOREERD OOG (FOTO);52,0
303;2023-07-24;14:30;GROENENDAAL;7,0;2,0;6,0;12,0;1,0;6,0;;;;PAS GEBOREN: SK 1 ;34,0
304;2023-07-24;15:30;LOENENSEVELD;7,0;0,0;2,0;8,0;1,0;0,0;;;;VEEL JACOBSKRUISKRUID;18,0
305;2023-07-24;16:30;DEELERWOUD RUSTGEBIED/WILDWISSEL;11,0;0,0;0,0;11,0;0,0;0,0;;;;;22,0
306;2023-07-24;16:55;TERLET/APELDOORNSEWEG;0,0;0,0;0,0;0,0;0,0;0,0;;;;28 RUNDEREN. WEGENS TIJDGEBREK NIET MEER GEDEFINIEERD;0,0
307;2023-07-10;11:00;DEELERWOUD RUSTGEBIED/WILDWISSEL;0,0;0,0;0,0;0,0;0,0;0,0;;;;GEEN KOEIEN! BRINKH. WEG: HOND AAN LATEN LIJNEN. 8+ INVENTARISATIE BANKJES (RICHARD);0,0
308;2023-07-10;11:30;LOENENSEVELD - RAMENBERG;0,0;0,0;0,0;0,0;0,0;0,0;;;;STRANGE!;0,0
309;2023-07-10;12:40;GROENENDAAL;115,0;2,0;4,0;17,0;4,0;4,0;;;;;146,0
310;2023-07-10;13:30;DE BRAAK / TERLETSEWEG;14,0;2,0;0,0;10,0;1,0;0,0;;;;1 ZEUG + BIGEN. 1 OVERLOPER. +- 10 EDELHERTEN. MERENDEEL GEWEIDRAGERS;27,0
311;2023-07-10;00:00;TERLET;12,0;3,0;7,0;26,0;6,0;6,0;;;;;60,0
312;2023-07-10;14:15;TERLETSE HEIDE - POEL - EIKEN;5,0;0,0;2,0;1,0;0,0;0,0;;;;;8,0
313;2023-07-10;14:20;NIEUWE AANLEG GRENS TER. HEIDE;0,0;0,0;0,0;4,0;0,0;0,0;;;;SLANGENAREND GEOBSERVEERD;4,0
314;2023-07-10;14:40;EERBEEKSEWEG / TERLETSE HEIDE;2,0;0,0;0,0;0,0;0,0;0,0;;;;;2,0
315;2023-07-10;15:00;EERBEEKSEWEG - LAMSGROEN;4,0;0,0;0,0;1,0;0,0;0,0;;;;EERDER GESTOPT I.V.M. ANDERE VERPLICHTINGEN;5,0
316;2023-06-26;10:15;BRINKOHORSTERWEG DW;10,0;0,0;0,0;14,0;0,0;1,0;;;;PAS GEBOREN: VK 1. 3 OEVERLOPERS BIJ WATERGAT. 6 ZW KOEIEN. GEEN LETSEL;25,0
317;2023-06-26;12:15;RAMENBERG;3,0;0,0;0,0;3,0;0,0;0,0;;;;;6,0
318;2023-06-26;00:00;LOENENSEVELD;0,0;0,0;0,0;0,0;0,0;0,0;;;;N.A.;0,0
319;2023-06-26;12:40;GROENENDAAL;12,0;0,0;1,0;5,0;0,0;3,0;;;;PAS GEBOREN: VK 3 SK 1;21,0
320;2023-06-26;13:00;TERLET;16,0;2,0;6,0;30,0;2,0;4,0;;;;PAS GEBOREN: SK 6 VK 4;60,0
321;2023-06-26;13:45;TERLET WEILAND ACHTER VLIEGVELD;0,0;0,0;0,0;0,0;0,0;0,0;;;;N.A.;0,0
322;2023-06-26;14:00;EERBEEKSEWEG / APELDOORNSEWEG / TERLETSE HEIDE;3,0;1,0;2,0;2,0;1,0;0,0;;;;PAS GEBOREN: SK 2 VK ;9,0
323;2023-06-26;14:40;TERLETSE HEIDE / HESSENGAT;3,0;0,0;0,0;3,0;0,0;0,0;;;;;6,0
324;2023-06-26;14:50;LAMSGROEN;2,0;0,0;0,0;1,0;0,0;0,0;;;;;3,0
325;2023-06-26;15:10;WAPENVEEN;3,0;0,0;0,0;4,0;0,0;0,0;;;;;7,0
326;2023-06-26;15:30;BRANTSENSHEIDE;3,0;1,0;0,0;1,0;0,0;0,0;;;;;5,0
327;2023-06-19;9:30;POSBANK;2,0;0,0;2,0;9,0;0,0;2,0;;;;PAS GEBOREN: SK 2 VK 2;15,0
328;2023-06-19;10:45;EERBEEKSEWEG / TERLETSE HEIDE;6,0;1,0;1,0;14,0;4,0;1,0;;;;PAS GEBOREN: VK 1 SK 1;27,0
329;2023-06-19;11:30;TERLET;15,0;4,0;6,0;35,0;4,0;6,0;;;;PAS GEBOREN: VK 6 SK 6;70,0
330;2023-06-19;12:15;DE BRAAK;1,0;0,0;0,0;0,0;0,0;0,0;;;;;1,0
331;2023-06-19;12:30;GROENENDAAL;16,0;1,0;5,0;17,0;0,0;2,0;;;;PAS GEBOREN: VK 2 SK 5;41,0
332;2023-06-19;13:30;LOENENSEVELD / RAMENBERG;4,0;0,0;0,0;0,0;0,0;0,0;;;;;4,0
333;2023-06-19;14:15;DEELERWOUD KL. HEIDE / BRINKH.WEG;14,0;0,0;0,0;21,0;0,0;2,0;;;;VK 2 SK;37,0
334;2023-06-19;15:00;LAMSGROEN;2,0;0,0;0,0;1,0;0,0;0,0;;;;;3,0
335;2023-06-19;15:45;CAROLINAHOEVE / BRANTSENSHEIDE;5,0;2,0;2,0;13,0;1,0;2,0;;;;PAS GEBOREN: VK 2 SK 2;25,0
336;2023-06-19;16:30;DEELERWOUD RUSTGEBIED/WILDWISSEL;11,0;0,0;0,0;11,0;0,0;0,0;;;;;22,0
337;2023-06-12;9:30;POSBANK;0,0;0,0;0,0;0,0;0,0;0,0;;;;N.A.;0,0
338;2023-06-12;10:00;CAROLINAHOEVE - BRANTSENBOS;17,0;3,0;4,0;19,0;1,0;4,0;;;;MEESTEN RONDOM EN IN VIJVER;48,0
339;2023-06-12;11:00;TERLET - DE BRAAK;2,0;0,0;0,0;3,0;0,0;0,0;;;;;5,0
340;2023-06-12;11:30;GROENENDAAL;23,0;4,0;6,0;31,0;5,0;2,0;;;;PAS GEBOREN: VK 1 SK 6;71,0
341;2023-06-12;12:45;TERLET WEILAND - VLIEGVELD;0,0;0,0;0,0;0,0;0,0;0,0;;;;N.A.;0,0
342;2023-06-12;12:30;LOENENSEVELD;0,0;0,0;0,0;0,0;0,0;0,0;;;;N.A.;0,0
343;2023-06-12;13:00;EERBEEKSEWEG - TERLETSE HEIDE;15,0;0,0;0,0;12,0;1,0;0,0;;;;N.A.;28,0
344;2023-06-05;9:45;POSBANK;0,0;1,0;4,0;8,0;1,0;2,0;;;;PAS GEBOREN: VK 2 SK 4;16,0
345;2023-06-05;10:15;CAROLINAHOEVE;3,0;2,0;0,0;6,0;0,0;0,0;;;;PAS GEBOREN VK 1 SK 1;11,0
346;2023-06-05;11:00;WAPENVEEN;0,0;0,0;0,0;1,0;0,0;0,0;;;;;1,0
347;2023-06-05;11:30;TONNEKESWEG;5,0;0,0;0,0;0,0;0,0;0,0;;;;ONDER DENNEN IN LUWTE;5,0
348;2023-06-05;12:00;ROZENDAALSE VELD (BRANDTORENWEG);1,0;0,0;0,0;0,0;0,0;0,0;;;;;1,0
349;2023-06-05;12:15;LAMSGROEN;3,0;0,0;0,0;1,0;0,0;0,0;;;;KOE MOET NOG KALVEREN;4,0
350;2023-06-05;13:00;TERLET;10,0;2,0;4,0;35,0;2,0;3,0;;;;PAS GEBOREN: VK 3 SK 4;56,0
351;2023-06-05;14:10;GROENENDAAL;17,0;4,0;8,0;29,0;4,0;4,0;;;;PAS GEBOREN SK 8 VK 4. HOOFDZAKELIJK IN LUWTE EN POEL;66,0
352;2023-06-05;15:15;LOENENSEVELD;4,0;0,0;0,0;0,0;0,0;0,0;;;;WEL DAMWILD;4,0
353;2023-06-05;16:20;DEELERWOUD / KL.HEIDE HARTENHULBERG;3,0;0,0;0,0;0,0;0,0;0,0;;;;BIJ POEL;3,0
354;2023-05-30;11:30;GROENENDAAL;16,0;1,0;9,0;52,0;4,0;6,0;;;;PAS GEBOREN: VK 6 SK 9;88,0
355;2023-05-30;12:30;LOENENSEVELD;0,0;0,0;0,0;0,0;0,0;0,0;;;;WAARSCHIJNLIJK OP GROENENDAAL;0,0
356;2023-05-30;14:00;DEELERWOUD - BRINKHORSTERWEG;4,0;0,0;0,0;0,0;0,0;0,0;;;;;4,0
357;2023-05-30;10:00;DELHUYZEN;2,0;0,0;0,0;1,0;0,0;0,0;;;;MOGELIJK KALFJE, NIET WAARGENOMEN (LACTEREND);3,0
358;2023-05-30;10:30;TERLET WEILAND VL.VELD;10,0;0,0;0,0;17,0;0,0;1,0;;;;PAS GEBOREN: VK 1 SK;28,0
359;2023-05-30;11:00;TERLET;8,0;3,0;2,0;23,0;2,0;3,0;;;;PAS GEBOREN: SK 2 VK 3;41,0
360;2023-05-30;15:00;LAMSGROEN;0,0;0,0;0,0;0,0;0,0;0,0;;;;N.A.;0,0
361;2023-05-30;14:45;TERLETSE HEIDE - HESSENGAT;0,0;0,0;0,0;0,0;0,0;0,0;;;;N.A.;0,0
362;2023-05-30;15:15;HEMELSEBERG / LAPPENDEKEN;0,0;0,0;0,0;1,0;0,0;0,0;;;;;1,0
363;2023-05-30;15:30;CAROLINAHOEVE;10,0;2,0;0,0;9,0;0,0;0,0;;;;PAS GEBOREN: VK 1 SK 2;21,0
364;2023-05-30;16:00;TONNEKESWEG - DOORNSTRUIK;2,0;0,0;0,0;0,0;0,0;0,0;;;;;2,0
365;2023-05-22;9:45;LAPPENDEKEN;0,0;0,0;0,0;0,0;0,0;0,0;;;;N.A.;0,0
366;2023-05-22;9:50;CAROLINAHOEVE;0,0;0,0;2,0;4,0;0,0;0,0;;;;PAS GEBOREN: SK 2 VK;6,0
367;2023-05-22;10:30;BLOEMERSWEG - BOCHT;4,0;0,0;0,0;0,0;0,0;0,0;;;;;4,0
368;2023-05-22;10:30;ELSBERG / WAPENVEEN;4,0;0,0;0,0;1,0;0,0;0,0;;;;;5,0
369;2023-05-22;11:30;LAMSGROEN;2,0;0,0;0,0;1,0;0,0;0,0;;;;;3,0
370;2023-05-22;12:00;TERLETSE HEIDE - WOLFSDEL;3,0;0,0;0,0;0,0;0,0;0,0;;;;;3,0
371;2023-05-22;12:30;TERLETSE HEIDE - THV. NIEUWE AANLEG;2,0;0,0;0,0;0,0;0,0;0,0;;;;;2,0
372;2023-05-22;12:40;DE BRAAK / WILDVIADUCT BEIDE ZIJDEN;8,0;0,0;0,0;18,0;0,0;1,0;;;;PAS GEBOREN: VK 1;27,0
373;2023-05-22;12:45;TERLET;5,0;2,0;0,0;15,0;0,0;0,0;;;;PAS GEBOREN: SK 4 VK 1;22,0
374;2023-05-22;13:30;GROENENDAAL;15,0;3,0;8,0;35,0;2,0;4,0;;;;PAS GEBOREN: VK 4 SK 8;67,0
375;2023-05-22;14:30;GROENENDAAL - LOENENSE VELD;13,0;2,0;2,0;16,0;2,0;0,0;;;;+ WITTE KALF!;35,0
376;2023-05-22;15:50;BRINKHORSTERWEG BIJ POEL;4,0;0,0;0,0;0,0;0,0;0,0;;;;RUBEN SMIT GESPROKEN. (BALTS). BEZIG MET FLUITERS FILMEN;4,0
377;2023-09-18;00:00;TERLETSE HEIDE - EIKEN + WOLFSDEL;4,0;0,0;0,0;0,0;0,0;0,0;;;;;4,0
378;2023-09-18;00:00;GROENENDAL;15,0;1,0;8,0;25,0;4,0;4,0;;;;;57,0
379;2023-09-18;00:00;MULLEHUL -> FAKKEL;7,0;0,0;3,0;7,0;1,0;5,0;;;;;23,0
380;2023-09-18;00:00;LOEMENSEVELD;7,0;2,0;2,0;5,0;0,0;0,0;;;;;16,0
381;2023-09-18;00:00;DW - KL. HEIDE;3,0;0,0;0,0;0,0;0,0;0,0;;;;;3,0
382;2023-09-18;00:00;TERLET Z-ZIJDE;8,0;0,0;2,0;16,0;1,0;2,0;;;;;29,0
383;2023-09-04;00:00;ROSBANK, LAPPENDEKEN, CAROLINAHOEVE;0,0;0,0;0,0;0,0;0,0;0,0;;;;;0,0
384;2023-09-04;00:00;ONZ BOSSEN - BLOEMERSW - WAPENVEEN - TONNEKES;0,0;0,0;0,0;0,0;0,0;0,0;;;;WEL KONINGINNEPAGE GESPOT+FOTO'S;0,0
385;2023-09-04;00:00;DORNSTRUIK;1,0;0,0;0,0;0,0;0,0;0,0;;;;;1,0
386;2023-09-04;00:00;TERLET;13,0;0,0;2,0;25,0;0,0;6,0;;;;;46,0
387;2023-09-04;00:00;GROENENDAAL;12,0;1,0;7,0;22,0;4,0;9,0;;;;1 STIER MET MILDE HOUW. NIET VERONTRUSTEND.;55,0
388;2023-09-04;00:00;LOENENSE VELD;11,0;4,0;8,0;16,0;3,0;2,0;;;;+ KONINGINNEPAGE GESPOT!;44,0
389;2023-10-02;00:00;GROENENDAAL;14,0;3,0;13,0;32,0;4,0;6,0;;;;1 STIER MET STIJVE ACHTERHAND LOOPT SLECHT. GPS FOTO!;72,0
390;2023-10-02;00:00;DE BRAAK;2,0;0,0;0,0;0,0;0,0;0,0;;;;;2,0
391;2023-10-02;00:00;TERLET - NOORD;14,0;5,0;3,0;33,0;6,0;8,0;;;;;69,0
392;2023-10-02;00:00;DELHUYZEN;1,0;0,0;0,0;0,0;0,0;0,0;;;;;1,0
393;2023-10-02;00:00;BIJNKHORSTERWEG KLEINE HEIDE;11,0;0,0;0,0;11,0;0,0;0,0;;;;;22,0
394;2023-10-02;00:00;MULLEHUL - LOENSEVELD THV.;7,0;0,0;0,0;0,0;0,0;0,0;;;;;7,0
395;2023-09-18;00:00;POSBANK;2,0;0,0;1,0;3,0;1,0;1,0;;;;;8,0
396;2023-09-18;00:00;LAPPENDEKEN;3,0;0,0;1,0;1,0;0,0;0,0;;;;;5,0
397;2023-09-18;00:00;BRANTSEMSEHEIDE;3,0;2,0;0,0;1,0;0,0;0,0;;;;;6,0
398;2023-09-18;00:00;WAPENVEEN;2,0;0,0;0,0;0,0;0,0;0,0;;;;;2,0
399;2023-09-18;00:00;FAGELSHEIDE;3,0;0,0;0,0;6,0;0,0;0,0;;;;;9,0
400;2023-09-18;00:00;DOORNSTRUIK - NABIJ VLIEGDEM;1,0;0,0;1,0;3,0;0,0;1,0;;;;;6,0
401;2023-10-16;00:00;TERLETSE HEIDE (VERSPREID);9,0;0,0;2,0;13,0;2,0;3,0;;;;;29,0
402;2023-10-16;00:00;GROENENDAAL;6,0;0,0;0,0;0,0;0,0;0,0;;;;;6,0
403;2023-10-16;00:00;LOENENSEVELD;19,0;3,0;13,0;37,0;4,0;9,0;;;;;85,0
404;2023-10-16;00:00;DW - RUSTGEBIED NABIJ W.WISSEL;1,0;0,0;0,0;0,0;0,0;0,0;;;;;1,0
405;2023-10-16;00:00;DW - KL. HEIDE;3,0;0,0;0,0;0,0;0,0;0,0;;;;;3,0
406;2023-10-16;00:00;VARKENSPUB;1,0;0,0;0,0;0,0;0,0;0,0;;;;;1,0
407;2023-10-02;00:00;TONNEKESWEG - IMBOSBERG;2,0;0,0;0,0;0,0;0,0;0,0;;;;;2,0
408;2023-10-02;00:00;CAROLINAHOEVE;4,0;0,0;1,0;0,0;3,0;0,0;;;;;8,0
409;2023-10-02;00:00;BRAASEMSHEIDE;3,0;0,0;0,0;5,0;0,0;1,0;;;;2X FOTO GPS IVM OOGLETSEL;9,0
410;2023-10-02;00:00;EERBEEKSEWEG/VELPERBERG;0,0;0,0;0,0;1,0;0,0;0,0;;;;BLIND AAN 1 OOG. SOLITAIR BEEST. X KLAAS GPS - FOTO;1,0
411;2023-10-02;00:00;EERBEEKSEWEG - THV SE HEIDE;2,0;0,0;0,0;0,0;0,0;0,0;;;;;2,0
412;2023-10-02;00:00;LAMSGROEN - HESSENGRACHT;0,0;0,0;0,0;0,0;0,0;0,0;;;;;0,0
413;2023-10-30;00:00;DW VAN BEEKSWEG;1,0;0,0;0,0;0,0;0,0;0,0;;;;;1,0
414;2023-10-30;00:00;DW BRINKHORSTEWEG KL HEIDE + GROTE HEIDE;10,0;0,0;0,0;15,0;0,0;1,0;;;;;26,0
415;2023-10-30;00:00;VARKENSBOS;1,0;0,0;0,0;0,0;0,0;0,0;;;;;1,0
416;2023-10-30;00:00;LAMSGROEN - TONNEKESWEG;0,0;0,0;0,0;0,0;0,0;0,0;;;;;0,0
417;2023-10-30;00:00;CAROLINAHOEVE + LAPPENDEKEN;0,0;0,0;0,0;0,0;0,0;0,0;;;;GEEN BEZOEK.;0,0
418;2023-10-16;00:00;LAPPENDEKEN;3,0;0,0;0,0;5,0;0,0;0,0;;;;;8,0
419;2023-10-16;00:00;ROUWENBERG;1,0;0,0;1,0;1,0;1,0;1,0;;;;;5,0
420;2023-10-16;00:00;BRABANTSE HEIDE;1,0;0,0;0,0;0,0;0,0;0,0;;;;;1,0
421;2023-10-16;00:00;WAPENVEEN;2,0;0,0;0,0;3,0;0,0;0,0;;;;;5,0
422;2023-10-16;00:00;DOORNSTRUIK;13,0;0,0;3,0;5,0;0,0;0,0;;;;;21,0
423;2023-10-16;00:00;EERBEEKSEWEG;0,0;0,0;0,0;1,0;0,0;0,0;;;;L.OOG AANGETAST. ZIE VORIGE TELLING! ONRUSTIG;1,0
424;2023-11-13;00:00;LOENENSE VELD;9,0;1,0;9,0;16,0;1,0;3,0;;;;;39,0
425;2023-11-13;00:00;HMARIENHULBERG-BR. WEG DW;7,0;0,0;1,0;13,0;0,0;0,0;;;;;21,0
426;2023-11-13;00:00;DW - RUSTGEBIED TERLET;1,0;0,0;0,0;0,0;0,0;0,0;;;;G.B.;1,0
427;2023-11-13;00:00;TAFELBERG;2,0;1,0;0,0;0,0;0,0;0,0;;;;;3,0
428;2023-10-30;00:00;DELHUYZEN;1,0;0,0;0,0;0,0;0,0;0,0;;;;;1,0
429;2023-10-30;00:00;ROZENDAALSEVELD - TANKBAAN;4,0;2,0;0,0;8,0;1,0;1,0;;;;;16,0
430;2023-10-30;00:00;TERLETSE HEIDE;1,0;0,0;0,0;0,0;0,0;0,0;;;;;1,0
431;2023-10-30;00:00;TERLET - NOORD;3,0;0,0;3,0;14,0;2,0;5,0;;;;;27,0
432;2023-10-30;00:00;GROENENDAAL;6,0;0,0;2,0;9,0;1,0;0,0;;;;;18,0
433;2023-10-30;00:00;LOENENSE VELD;15,0;4,0;12,0;32,0;5,0;6,0;;;;;74,0
434;2023-11-13;00:00;LAPPENDEKEN;3,0;1,0;1,0;7,0;2,0;1,0;;;;GEEN BLAUWTONG VERSCHIJNSELEN;15,0
435;2023-11-13;00:00;CAROLINAHOEVE - DE LUS - POSBANK;0,0;0,0;0,0;0,0;0,0;0,0;;;;N.A.;0,0
436;2023-11-13;00:00;WAPENVEEN;1,0;0,0;0,0;0,0;0,0;0,0;;;;GROETJES KLAAS EN LUC.;1,0
437;2023-11-13;00:00;TONNEKESWEG - DEURENSCHE BERG;0,0;0,0;0,0;1,0;0,0;0,0;;;;2X VIDEO - AFWIJKEND GEDRAG SLIJM - GROMMEN! OPGELOST!;1,0
438;2023-11-13;00:00;DOORNSTRUIK;8,0;0,0;1,0;7,0;0,0;2,0;;;;;18,0
439;2023-11-13;00:00;TERLETSE HEIDE;8,0;0,0;1,0;6,0;1,0;2,0;;;;IN SLENK TER HEIDE;18,0
440;2023-11-13;00:00;TERLET NOORD;6,0;2,0;4,0;21,0;1,0;5,0;;;;;39,0
441;2023-11-13;00:00;ZWARTE BERGEN;2,0;0,0;0,0;0,0;0,0;0,0;;;;;2,0
442;2023-11-13;00:00;GROENENDAAL;10,0;0,0;6,0;14,0;5,0;3,0;;;;;38,0
443;2023-12-11;00:00;TONNEKES;1,0;0,0;2,0;7,0;1,0;4,0;;;;;15,0
444;2023-12-11;00:00;RIN - AKKER - H. HANLEG;0,0;0,0;0,0;0,0;0,0;0,0;;;;;0,0
445;2023-12-11;00:00;TERLETSE HEIDE;1,0;0,0;0,0;0,0;0,0;0,0;;;;;1,0
446;2023-12-11;00:00;GROENENDAAL;7,0;0,0;6,0;6,0;0,0;0,0;;;;;19,0
447;2023-12-11;00:00;LOENSE VELD;23,0;1,0;10,0;40,0;2,0;5,0;;;;;81,0
448;2023-12-11;00:00;DW - KL. HEIDE - BRINKH. WEG;7,0;0,0;0,0;7,0;2,0;1,0;;;;;17,0
449;2023-12-11;00:00;RUSTGEBIED TERLET (DW);4,0;1,0;3,0;21,0;2,0;2,0;;;;;33,0
450;2023-12-11;00:00;TERLET NOORD - ZUID EN ACHTER VL. VELD;0,0;0,0;0,0;0,0;0,0;0,0;;;;EMIGRATIE NAAR DW!;0,0
451;2023-12-11;00:00;EERBEEKSEWEG/TERLET HEIDE;3,0;0,0;0,0;0,0;0,0;0,0;;;;;3,0
452;2023-12-11;00:00;LAMSGROEN;1,0;0,0;0,0;2,0;0,0;0,0;;;;;3,0
453;2023-12-22;00:00;LAPPENDEKEN;4,0;0,0;0,0;3,0;0,0;0,0;;;;;7,0
454;2023-12-22;00:00;CAROLINAHOEVE;1,0;0,0;0,0;7,0;1,0;1,0;;;;;10,0
455;2023-12-22;00:00;DOORNSTRUIK;1,0;0,0;0,0;0,0;0,0;0,0;;;;;1,0
456;2023-12-22;00:00;RIN-AKKER;1,0;0,0;0,0;0,0;0,0;0,0;;;;;1,0
457;2023-12-22;00:00;GROENENDAAL/FAKKERT;23,0;0,0;9,0;37,0;4,0;4,0;;;;;77,0
458;2023-12-22;00:00;LOENENSE VELD;7,0;0,0;4,0;8,0;1,0;5,0;;;;;25,0
459;2023-12-22;00:00;DW-RUSTGEBIED TERLET;8,0;0,0;0,0;14,0;0,0;1,0;;;;;23,0
460;2023-12-22;00:00;TERLET NOORD-ZUID-VL VELD;0,0;0,0;0,0;0,0;0,0;0,0;;;;;0,0
461;2023-12-22;00:00;TERLETSE HEIDE;4,0;0,0;0,0;6,0;0,0;3,0;;;;LANGS PARALLELWEG TAKJES GEVALLEN BERK ETEN;13,0
462;2023-12-22;00:00;LAMSGROEN;2,0;0,0;0,0;1,0;0,0;0,0;;;;EINDE DIENST 16:30 UUR. FIJNE FEESTDAGEN! TOT 09-01-2014.;3,0
463;2023-12-11;00:00;LAPPENDEKEN-POSBANK-CAROLINAHOEVE;0,0;0,0;0,0;0,0;0,0;0,0;;;;;0,0
464;2023-12-11;00:00;IJZERBAAN;2,0;0,0;0,0;2,0;0,0;0,0;;;;;4,0
465;2023-12-11;00:00;WAPENVEEN;3,0;1,0;0,0;2,0;0,0;0,0;;;;;6,0
466;2024-01-09;15:35;DW - TERLET RUSTGEBIED;1,0;0,0;0,0;5,0;0,0;0,0;;;;;6,0
467;2024-01-09;13:40;GROENENDAAL;17,0;2,0;6,0;23,0;2,0;7,0;;;;Ijs gehakt;57,0
468;2024-01-09;15:00;LOENENSEVELD;0,0;0,0;0,0;0,0;0,0;0,0;;;;;0,0
469;2024-01-09;15:15;DW - KL.HEIDE;1,0;0,0;0,0;0,0;0,0;0,0;;;;;1,0
470;2024-01-09;12:30;TERLET;1,0;0,0;0,0;0,0;0,0;0,0;;;;;1,0
471;2024-01-09;12:35;TERLET ZWEEF VL VELD WEILAND;0,0;0,0;0,0;0,0;0,0;0,0;;;;;0,0
472;2024-01-09;13:15;DE BRAAK;1,0;1,0;1,0;4,0;0,0;0,0;;;;Ijs gehakt;7,0
473;2024-01-09;11:10;KROMME ELBOOG;2,0;0,0;0,0;2,0;0,0;0,0;;;;;4,0
474;2024-01-09;00:00;HESSEN GAT - TERL HEIDE;3,0;0,0;2,0;6,0;1,0;1,0;;;;;13,0
475;2024-01-09;11:40;TERLETSE HEIDE;8,0;1,0;5,0;37,0;2,0;5,0;;;;;58,0
476;2024-01-09;10:00;BRAND SINGEL ACHTER TONNEKES;0,0;0,0;2,0;3,0;0,0;1,0;;;;;6,0
477;2024-01-09;10:40;KORHOENDER WEIDJE-TONNEKES;2,0;0,0;0,0;10,0;1,0;1,0;;;;Groep onrustig. Wolf??;14,0
478;2024-01-09;11:00;DOORNSTRUIK;4,0;0,0;0,0;2,0;0,0;0,0;;;;;6,0
479;2024-01-22;14:30;DW - HALFREUS;2,0;0,0;0,0;1,0;0,0;0,0;;;;;3,0
480;2024-01-22;13:00;LOEMENSVELD;12,0;0,0;5,0;19,0;4,0;2,0;;;;;42,0
481;2024-01-22;13:40;DW - HEIDE BR. WEG;8,0;0,0;0,0;13,0;0,0;0,0;;;;;21,0
482;2024-01-22;13:40;DW - TERLET RUSTGEBIED;4,0;2,0;3,0;19,0;1,0;3,0;;;;;32,0
483;2024-01-22;11:30;NIEUWE AANLEG - RIM AKKER;2,0;0,0;1,0;1,0;0,0;0,0;;;;;4,0
484;2024-01-22;12:00;DE BRAAK;3,0;0,0;0,0;0,0;0,0;0,0;;;;;3,0
485;2024-01-22;12:30;GROENENDAAL;14,0;1,0;3,0;22,0;4,0;7,0;;;;Kraal opzetten. Video + foto's;51,0
486;2024-01-22;00:00;CAROLINAHOEVE;1,0;0,0;2,0;6,0;2,0;1,0;;;;;12,0
487;2024-01-22;11:00;EERBEEKSEWEG THV. BERENBERG;1,0;0,0;1,0;2,0;0,0;1,0;;;;Bosjes vegetatie;5,0
488;2024-01-22;11:05;EERBEEKSEWEG THV. TERLETSE HEIDE;0,0;0,0;0,0;1,0;0,0;1,0;;;;;2,0
489;2024-02-05;15:15;VOERWEIDE TONNEKESWEG;1,0;0,0;4,0;6,0;1,0;2,0;;;;;14,0
490;2024-02-05;14:45;TERLETSE HEIDE;1,0;0,0;0,0;0,0;0,0;0,0;;;;;1,0
491;2024-02-05;14:55;LAMSGROEN;3,0;0,0;0,0;1,0;0,0;0,0;;;;;4,0
492;2024-02-05;15:00;TONNEKESWEG;2,0;0,0;0,0;0,0;0,0;0,0;;;;;2,0
493;2024-02-05;00:00;KL HEIDE;4,0;0,0;0,0;0,0;0,0;0,0;;;;;4,0
494;2024-02-05;14:35;TERLET VL VELD;0,0;0,0;0,0;0,0;0,0;0,0;;;;;0,0
495;2024-02-05;14:40;TERLET 2;3,0;0,0;0,0;1,0;1,0;0,0;;;;;5,0
496;2024-02-05;12:00;DE BRAAK;1,0;1,0;0,0;16,0;1,0;0,0;;;;;19,0
497;2024-02-05;12:20;GROENENDAAL;9,0;0,0;2,0;8,0;0,0;1,0;;;;;20,0
498;2024-02-05;12:40;;11,0;0,0;10,0;32,0;4,0;4,0;;;;;61,0
499;2024-02-05;11:25;CAROLINAHOEVE;1,0;0,0;0,0;4,0;1,0;0,0;;;;;6,0
500;2024-02-05;11:45;DOORNSTRUIK & REMAKKER;0,0;0,0;0,0;0,0;0,0;0,0;;;;;0,0
501;2024-02-05;12:00;TERLET NOORD;0,0;0,0;0,0;0,0;0,0;0,0;;;;;0,0
502;2024-02-05;10:00;HET ASSELT;0,0;1,0;0,0;1,0;1,0;0,0;;;;;3,0
503;2024-02-05;10:15;LAPPENDEKEN;5,0;0,0;0,0;3,0;0,0;0,0;;;;;8,0
504;2024-02-05;10:20;BRAMTSEM HEI;1,0;0,0;0,0;0,0;0,0;0,0;;;;;1,0
505;2024-02-19;15:40;DELHUYZEN R'DAAL;2,0;0,0;0,0;0,0;0,0;0,0;;;;;2,0
506;2024-02-19;14:15;EENDENKOOI D.W.;0,0;0,0;0,0;0,0;0,0;0,0;;;;;0,0
507;2024-02-19;14:30;DW DELHUIZENWEG;2,0;0,0;0,0;0,0;0,0;0,0;;;;;2,0
508;2024-02-19;14:45;DW BRINKHORSTERWEG/HARTENHULBERT;8,0;0,0;1,0;18,0;1,0;2,0;;;;;30,0
509;2024-02-19;12:20;TERLET;5,0;0,0;1,0;19,0;1,0;3,0;;;;;29,0
510;2024-02-19;12:50;GROENENDAAL;9,0;0,0;2,0;13,0;1,0;3,0;;;;;28,0
511;2024-02-19;13:15;LOENENSEVELD;10,0;5,0;7,0;19,0;4,0;4,0;;;;Veldleeuweriken!;49,0
512;2024-02-19;11:00;RHEDERHEIDE - TONNEKESWEG;1,0;0,0;0,0;0,0;0,0;0,0;;;;;1,0
513;2024-02-19;11:50;TERLETSE HEIDE;7,0;0,0;0,0;0,0;0,0;0,0;;;;2x Veldleeuweriken baltsend;7,0
514;2024-02-19;11:45;BLOEMERSWEG LANDGROEN DOORNSTRUIK;0,0;0,0;0,0;0,0;0,0;0,0;;;;;0,0
515;2024-02-19;09:50;LAPPENDEKEN;3,0;0,0;0,0;3,0;1,0;0,0;;;;Hond aan laten lijnen;7,0
516;2024-02-19;10:00;CAROLINAHOEVE;5,0;0,0;2,0;8,0;1,0;1,0;;;;;17,0
517;2024-02-19;10:50;WILD AKKER TONNEKESWEG;4,0;0,0;0,0;0,0;0,0;0,0;;;;;4,0
518;2024-03-04;00:00;DE BRAAK;;;;;;;1,0;11,0;0,0;;12,0
519;2024-03-04;00:00;GROENENDAAL;;;;;;;9,0;2,0;0,0;;11,0
520;2024-03-04;00:00;LOENENSE VELD;;;;;;;35,0;54,0;0,0;;89,0
521;2024-03-04;00:00;TERLET WEILAND ZW VL VELD;;;;;;;0,0;0,0;0,0;NA;0,0
522;2024-03-04;00:00;DOORN STRUIK;;;;;;;2,0;0,0;0,0;;2,0
523;2024-03-04;00:00;LAMSGROEN;;;;;;;3,0;1,0;0,0;;4,0
524;2024-03-04;00:00;TERLETSE HEIDE;;;;;;;3,0;0,0;0,0;;3,0
525;2024-03-04;00:00;TERLET;;;;;;;11,0;35,0;1,0;1 STIER. 1E DIT JAAR! BESCHUIT MET MUISJES;47,0
526;2024-03-04;00:00;LAPPENDEKEN;;;;;;;7,0;11,0;0,0;;18,0
527;2024-03-04;00:00;CAROLINAHOEVE;;;;;;;5,0;8,0;0,0;;13,0
528;2024-03-04;00:00;WAPENVEEN;;;;;;;2,0;0,0;0,0;;2,0
529;2024-03-04;00:00;TONNEKESWEG;;;;;;;1,0;0,0;0,0;;1,0
530;2024-04-02;10:00;CAROLINAHOEVE;;;;;;;10,0;13,0;1,0;;24,0
531;2024-04-02;10:00;BM BLOEMERSWEG - SCHAAPSALLEE;;;;;;;2,0;1,0;0,0;;3,0
532;2024-04-02;11:00;FAGELSHEIDE - VOSSENBERGH;;;;;;;2,0;0,0;0,0;;2,0
533;2024-04-02;11:20;WILD WEI - TONNEKESWEG;;;;;;;2,0;3,0;0,0;;5,0
534;2024-04-02;12:00;DELHUIZEN / R'DAAL;;;;;;;11,0;28,0;3,0;;42,0
535;2024-04-02;12:45;DEELERWOUD - GROTE HEIDE;;;;;;;6,0;0,0;0,0;;6,0
536;2024-04-02;13:45;LOENENSE VELD;;;;;;;24,0;44,0;6,0;;74,0
537;2024-04-02;14:25;GROENENDAAL;;;;;;;8,0;2,0;0,0;;10,0
538;2024-04-02;14:50;GROENENDAAL;;;;;;;8,0;14,0;6,0;;28,0
539;2024-04-02;15:25;TERLET VL. VELD WEILAND;;;;;;;1,0;3,0;0,0;;4,0
540;2024-04-02;15:30;TERLET ZUID;;;;;;;3,0;0,0;0,0;;3,0
541;2024-04-02;15:55;LAMSGROEN;;;;;;;4,0;1,0;0,0;;5,0
542;2024-04-02;16:00;WAPENVEEN;;;;;;;1,0;0,0;0,0;;1,0
543;2024-04-02;16:00;TONNEKESWEG;;;;;;;2,0;3,0;0,0;;5,0
544;2024-04-08;14:30;DW - KL HEIDE - BR WEG;;;;;;;3,0;0,0;0,0;;3,0
545;2024-04-08;15:20;TERLET ZUID;;;;;;;4,0;20,0;3,0;;27,0
546;2024-04-08;15:30;DELHUIZEN;;;;;;;3,0;0,0;0,0;;3,0
547;2024-04-08;16:00;DOORNSTRUIK;;;;;;;8,0;0,0;0,0;;8,0
548;2024-04-08;09:55;GRAVENLAAN, DRIETIMP;;;;;;;0,0;1,0;0,0;;1,0
549;2024-04-08;10:00;CAROLINAHOEVE;;;;;;;5,0;10,0;1,0;GELE KWIKSTAART;16,0
550;2024-04-08;11:00;WAPENVELD;;;;;;;0,0;6,0;0,0;;6,0
551;2024-04-08;11:50;LAMSGROEN;;;;;;;2,0;2,0;0,0;;4,0
552;2024-04-08;12:00;TERLETSE HEIDE;;;;;;;1,0;0,0;0,0;;1,0
553;2024-04-08;12:00;TERLET MOORD;;;;;;;4,0;17,0;3,0;;24,0
554;2024-04-08;12:50;GROENENDAAL;;;;;;;13,0;19,0;0,0;;32,0
555;2024-04-08;13:15;LOENENSEVELD;;;;;;;24,0;35,0;6,0;W.48 63 HRFS Toyota? P.A. Ringallee/Lange Juffer. Man + Vrouw. Ruben Smit 11:00;65,0
556;2024-04-22;00:00;RUSTGEBIED TERLET;;;;;;;7,0;16,0;1,0;;24,0
557;2024-04-22;00:00;DELHUIZEN;;;;;;;7,0;2,0;3,0;1 koe had 3 kalfjes bij zich, verder geen koe in de buurt!;12,0
558;2024-04-22;00:00;Posbank;;;;;;;2,0;5,0;0,0;;7,0
559;2024-04-22;00:00;Onzalige richting Haverkist;;;;;;;2,0;7,0;0,0;;9,0
560;2024-04-22;00:00;Lappendeken;;;;;;;4,0;3,0;0,0;;7,0
561;2024-04-22;00:00;Kromme Elleboog;;;;;;;2,0;0,0;0,0;;2,0
562;2024-04-22;00:00;TERLET ZUID;;;;;;;4,0;20,0;2,0;;26,0
563;2024-04-22;00:00;De Braak;;;;;;;2,0;0,0;0,0;;2,0
564;2024-04-22;00:00;GROENENDAAL;;;;;;;12,0;17,0;0,0;;29,0
565;2024-04-22;00:00;LOENENSEVELD;;;;;;;24,0;38,0;9,0;;71,0
566;2024-04-22;00:00;CAROLINAHOEVE;;;;;;;0,0;0,0;0,0;;0,0
567;2024-04-22;00:00;LAMSGROEN;;;;;;;14,0;34,0;9,0;;57,0
568;2024-04-29;00:00;LOENENSEVELD;;;;;;;14,0;34,0;9,0;;57,0
569;2024-04-29;00:00;KLEINE HEIDE DEELERWOUD;;;;;;;1,0;0,0;0,0;;1,0
570;2024-04-29;00:00;TERLET ZUID;;;;;;;7,0;4,0;3,0;;14,0
571;2024-04-29;00:00;DELHUIZEN;;;;;;;3,0;0,0;0,0;;3,0
572;2024-04-29;00:00;HESSENGAT;;;;;;;1,0;0,0;0,0;;1,0
573;2024-04-29;00:00;TENNEKENSWEG;;;;;;;6,0;9,0;0,0;;15,0
574;2024-04-29;00:00;BRANDSINGEL ACHTER TONNEKES;;;;;;;5,0;5,0;3,0;;13,0
575;2024-04-29;00:00;LAMSGROEN;;;;;;;4,0;1,0;0,0;;5,0
576;2024-04-29;00:00;BLOEMERSWEG/ATB;;;;;;;1,0;0,0;0,0;;1,0
577;2024-04-29;00:00;WOLFSDEL;;;;;;;3,0;0,0;0,0;;3,0
578;2024-04-29;00:00;DRINKPOEL TERLETSE BAAN;;;;;;;3,0;0,0;0,0;;3,0
579;2024-04-29;00:00;TERLET NOORD;;;;;;;1,0;17,0;2,0;;20,0
580;2024-04-29;00:00;DE BRAAK;;;;;;;7,0;15,0;1,0;;23,0
581;2024-04-29;00:00;GROENENDAAL;;;;;;;11,0;19,0;0,0;;30,0
582;2024-04-29;00:00;POSBANK;;;;;;;0,0;0,0;0,0;;0,0
583;2024-04-29;00:00;LAPPENDEKEN;;;;;;;0,0;0,0;0,0;;0,0
584;2024-04-29;00:00;CAROLINAHOEVE;;;;;;;0,0;0,0;0,0;;0,0
585;2024-05-06;00:00;DELHUIZEN;;;;;;;4,0;0,0;0,0;;4,0
586;2024-05-06;00:00;DOORNSTRUIK;;;;;;;1,0;0,0;0,0;;1,0
587;2024-05-06;00:00;POSBANK;;;;;;;0,0;0,0;0,0;;0,0
588;2024-05-06;00:00;CAROLINAHOEVE;;;;;;;0,0;0,0;0,0;;0,0
589;2024-05-06;00:00;LAMSGROEN;;;;;;;0,0;0,0;0,0;;0,0
590;2024-05-06;00:00;DE TIMP/HEMELSE BERG;;;;;;;10,0;21,0;5,0;;36,0
591;2024-05-06;00:00;TONNEKESWEG;;;;;;;5,0;1,0;0,0;;6,0
592;2024-05-06;00:00;TERLET NOORD;;;;;;;9,0;38,0;7,0;;54,0
593;2024-05-06;00:00;GROENENDAAL;;;;;;;17,0;27,0;3,0;;47,0
594;2024-05-06;00:00;LOENENSEVELD;;;;;;;15,0;28,0;11,0;;54,0
595;2024-05-06;00:00;BRINKHORSTERWEG;;;;;;;2,0;0,0;0,0;;2,0
596;2024-05-06;00:00;RUSTGEBIED TERLET;;;;;;;1,0;0,0;0,0;;1,0
597;2024-05-06;00:00;TERLETSE HEIDE;;;;;;;3,0;0,0;0,0;;3,0
598;2024-05-13;00:00;Rustveld Terlet t.h. wildviaduct;;;;;;;10,0;12,0;1,0;;23,0
599;2024-05-13;00:00;KLEINE HEIDE/POEL;;;;;;;4,0;0,0;0,0;;4,0
600;2024-05-13;00:00;HESSENGAT;;;;;;;1,0;1,0;0,0;;2,0
601;2024-05-13;00:00;DELHUIZEN;;;;;;;5,0;0,0;0,0;;5,0
602;2024-05-13;00:00;KROMME ELLEBOOG;;;;;;;7,0;0,0;0,0;;7,0
603;2024-05-13;00:00;LAPPENDEKEN;;;;;;;4,0;7,0;0,0;;11,0
604;2024-05-13;00:00;POEL BRONTSENHEIDE;;;;;;;8,0;14,0;5,0;;27,0
605;2024-05-13;00:00;CAROLINAHOEVE;;;;;;;2,0;2,0;0,0;;4,0
606;2024-05-13;00:00;LAMSGROEN;;;;;;;3,0;1,0;0,0;;4,0
607;2024-05-13;00:00;TERLETSE HEIDE;;;;;;;3,0;0,0;0,0;;3,0
608;2024-05-13;00:00;TERLET NOORD;;;;;;;18,0;27,0;7,0;;52,0
609;2024-05-13;00:00;GROENENDAAL;;;;;;;26,0;34,0;14,0;;74,0
610;2024-05-13;00:00;LOENENSE VELD;;;;;;;11,0;5,0;1,0;;17,0
611;2024-05-13;00:00;POSBANK;;;;;;;0,0;0,0;0,0;;0,0
612;2024-05-13;00:00;BLOEMERSWEG;;;;;;;0,0;0,0;0,0;;0,0
613;2024-06-03;00:00;GROENENDAAL;;;;;;;22,0;30,0;1,0;;53,0
614;2024-06-03;00:00;LOENENSE VELD;;;;;;;16,0;20,0;14,0;;50,0
615;2024-06-03;00:00;EERBEEKSEWEI;;;;;;;2,0;0,0;0,0;;2,0
616;2024-06-03;00:00;CAROLINAHOEVE;;;;;;;2,0;6,0;1,0;;9,0
617;2024-06-03;00:00;TONNEKESWEG/WILDAKKER;;;;;;;5,0;14,0;5,0;;24,0
618;2024-06-03;00:00;TONNEKESWEG;;;;;;;8,0;0,0;0,0;;8,0
619;2024-06-03;00:00;DOORNSTRUIK;;;;;;;1,0;0,0;0,0;;1,0
620;2024-06-03;00:00;LAMSGROEN;;;;;;;1,0;1,0;0,0;;2,0
621;2024-06-03;00:00;WOLFSDEL;;;;;;;3,0;0,0;0,0;;3,0
622;2024-06-03;00:00;TERLETSE HEIDE;;;;;;;3,0;0,0;0,0;2 HINDES + KALF;3,0
623;2024-06-03;00:00;TERLET MOORD;;;;;;;14,0;22,0;6,0;;42,0
624;2024-06-10;00:00;POSBANK;;;;;;;0,0;1,0;1,0;PAS GEBOREN!;2,0
625;2024-06-10;00:00;LAPPENDEKEN;;;;;;;3,0;11,0;7,0;10:30;21,0
626;2024-06-10;00:00;CAROLINAHOEVE;;;;;;;3,0;6,0;1,0;PAS GEBOREN! 10:40;10,0
627;2024-06-10;00:00;WILD WEIDE TONNEKESWEG;;;;;;;14,0;7,0;0,0;BRONST STIEREN. 11:20;21,0
628;2024-06-10;00:00;EERBEEKSEWEG - TERLETSE HEIDE;;;;;;;7,0;15,0;2,0;;24,0
629;2024-06-10;00:00;TERLET NOORD;;;;;;;7,0;10,0;0,0;KOE DOOR PAUL AFGESCHOTEN I.V.M. SLECHTE CONDITIE. EE ASSISTEERD;17,0
630;2024-06-17;00:00;CAROLINAHOEVE;;;;;;;7,0;10,0;8,0;;25,0
631;2024-06-17;00:00;EERBEEKSEWEG;;;;;;;2,0;0,0;0,0;;2,0
632;2024-06-17;00:00;KONINGSWEG R'DAAL;;;;;;;1,0;0,0;0,0;;1,0
633;2024-06-17;00:00;DELHUIZEN R'DAAL;;;;;;;4,0;0,0;0,0;;4,0
634;2024-06-17;00:00;TERLET ZUID;;;;;;;28,0;46,0;10,0;;84,0
635;2024-06-17;00:00;DE BRAAK;;;;;;;2,0;0,0;0,0;;2,0
636;2024-06-17;00:00;GROENENDAAL;;;;;;;18,0;11,0;7,0;;36,0
637;2024-06-17;00:00;LOENENSEVELD;;;;;;;7,0;5,0;4,0;;16,0
638;2024-06-24;00:00;TERLET WEILAND BIJ VLIEGVELD;;;;;;;10,0;13,0;2,0;;25,0
639;2024-06-24;00:00;EERBEEKSEWEG;;;;;;;1,0;0,0;0,0;;1,0
640;2024-06-24;00:00;LAMSGROEN;;;;;;;2,0;1,0;0,0;;3,0
641;2024-06-24;00:00;DOORNSTRUIK;;;;;;;11,0;15,0;7,0;;33,0
642;2024-06-24;00:00;LAPPENDEKEN POSBANK CAROLINAHOEVE;;;;;;;0,0;0,0;0,0;;0,0
643;2024-06-24;00:00;BLOEMERSWEG;;;;;;;2,0;1,0;0,0;;3,0
644;2024-06-24;00:00;TERLETSEWEG;;;;;;;2,0;0,0;0,0;11:30;2,0
645;2024-06-24;00:00;DE BRAAK;;;;;;;7,0;13,0;0,0;;20,0
646;2024-06-24;00:00;TERLET NOORD;;;;;;;17,0;38,0;14,0;;69,0
647;2024-06-24;00:00;GROENENDAAL;;;;;;;16,0;19,0;8,0;;43,0
648;2024-06-24;00:00;LOENENSEVELD;;;;;;;5,0;1,0;0,0;;6,0
649;2024-06-24;00:00;BRINKHORSTERWEG DW;;;;;;;1,0;0,0;0,0;;1,0
650;2024-07-08;00:00;LAPPENDEKEN / BRABANTSE HEIDE;;;;;;;12,0;14,0;5,0;;31,0
651;2024-07-08;00:00;CAROLINAHOEVE;;;;;;;3,0;5,0;3,0;;11,0
652;2024-07-08;00:00;DELHUYZEN R'DAAL;;;;;;;7,0;4,0;4,0;;15,0
653;2024-07-08;00:00;TERLET ZUID;;;;;;;7,0;18,0;5,0;;30,0
654;2024-07-08;00:00;VLIEGVELD TERLET AKKER;;;;;;;8,0;15,0;1,0;;24,0
655;2024-07-08;00:00;TERLET NOORD;;;;;;;19,0;25,0;8,0;;52,0
656;2024-07-08;00:00;GROENENDAAL;;;;;;;18,0;13,0;7,0;;38,0
657;2024-07-08;00:00;LOENENSEVELD;;;;;;;7,0;1,0;0,0;;8,0
658;2024-07-08;00:00;EERBEEKSEWEG;;;;;;;2,0;0,0;0,0;;2,0
659;2024-07-22;00:00;CAROLINAHOEVE;;;;;;;21,0;12,0;6,0;;39,0
660;2024-07-22;00:00;DOORNSTRUIK;;;;;;;2,0;1,0;1,0;;4,0
661;2024-07-22;00:00;WOLFSDEL / TERLETSEWEG;;;;;;;3,0;0,0;0,0;;3,0
662;2024-07-22;00:00;TERLET NOORD;;;;;;;10,0;9,0;3,0;;22,0
663;2024-07-22;00:00;DE BRAAK;;;;;;;2,0;0,0;0,0;;2,0
664;2024-07-22;00:00;GROENENDAAL;;;;;;;12,0;20,0;7,0;;39,0
665;2024-07-22;00:00;LOENENSEVELD;;;;;;;4,0;0,0;0,0;;4,0
666;2024-07-22;00:00;BRINKHORSTERWEG DW;;;;;;;5,0;2,0;1,0;;8,0
667;2024-07-22;00:00;RUSTGEBIED TERLET;;;;;;;1,0;0,0;0,0;;1,0
668;2024-07-22;00:00;TERLET Z;;;;;;;8,0;13,0;2,0;;23,0
669;2024-07-22;00:00;DELHUYZEN R'DAAL;;;;;;;9,0;23,0;7,0;;39,0
670;2024-08-02;00:00;IJZERBAAN;;;;;;;3,0;2,0;1,0;;6,0
671;2024-08-02;00:00;TERLETSCHE EIKEN;;;;;;;1,0;0,0;0,0;;1,0
672;2024-08-02;00:00;EERBEEKSEWEG;;;;;;;2,0;0,0;0,0;;2,0
673;2024-08-02;00:00;TERLET ZUID;;;;;;;17,0;24,0;9,0;;50,0
674;2024-08-02;00:00;TERLET NOORD;;;;;;;14,0;3,0;0,0;;17,0
675;2024-08-02;00:00;GROENENDAAL;;;;;;;21,0;47,0;14,0;;82,0
676;2024-08-02;00:00;DW - GROTE HEIDE;;;;;;;1,0;0,0;0,0;;1,0
677;2024-08-02;00:00;IMBOSCHBERG;;;;;;;2,0;0,0;0,0;;2,0
678;2024-08-19;00:00;BRABANTSE HEIDE;;;;;;;17,0;18,0;6,0;;41,0
679;2024-08-19;00:00;EERBEEKSEWEG;;;;;;;3,0;0,0;0,0;;3,0
680;2024-08-19;00:00;TERLET VLIEGVELD WEILAND;;;;;;;0,0;0,0;0,0;;0,0
681;2024-08-19;00:00;TERLET NOORD WEILAND;;;;;;;12,0;19,0;2,0;;33,0
682;2024-08-19;00:00;DE BRAAK;;;;;;;3,0;0,0;0,0;;3,0
683;2024-08-19;00:00;GROENENDAAL;;;;;;;1,0;0,0;0,0;;1,0
684;2024-08-19;00:00;DE FAKKERT;;;;;;;26,0;36,0;16,0;;78,0
685;2024-08-19;00:00;LOENENSEVELD;;;;;;;3,0;0,0;0,0;;3,0
686;2024-08-19;00:00;DW - TERLET RUSTGEBIED;;;;;;;1,0;0,0;0,0;;1,0
687;2024-08-19;00:00;LAMSGROEN;;;;;;;4,0;0,0;0,0;;4,0
688;2024-09-02;00:00;DRIETIMP;;;;;;;9,0;8,0;3,0;;20,0
689;2024-09-02;00:00;DE LUS - PAD UITGESPOELD;;;;;;;0,0;0,0;0,0;SLECHT TOEGANKELIJK!;0,0
690;2024-09-02;00:00;BLOEMERSWEG - ELSBERG;;;;;;;2,0;2,0;0,0;;4,0
691;2024-09-02;00:00;DOORNSTRUIK;;;;;;;0,0;0,0;0,0;1 TAPUIT;0,0
692;2024-09-02;00:00;EERBEEKSEWEG;;;;;;;3,0;1,0;0,0;;4,0
693;2024-09-02;00:00;HESSENGAT;;;;;;;2,0;0,0;0,0;1 MET AFGEBROKEN HOORN;2,0
694;2024-09-02;00:00;TERLET ZUID;;;;;;;14,0;22,0;9,0;;45,0
695;2024-09-02;00:00;GROENENDAAL;;;;;;;22,0;37,0;5,0;ZIEKE KOE, ZIE FOTO's + VIDEO;64,0
696;2024-09-02;00:00;LOENENSEVELD;;;;;;;23,0;15,0;5,0;;43,0
697;2024-09-02;00:00;DELHUYSEN;;;;;;;0,0;0,0;0,0;;0,0
698;2024-09-02;00:00;WEIDE TERLET;;;;;;;0,0;0,0;0,0;;0,0
699;2024-09-16;00:00;POSBANK;;;;;;;1,0;0,0;0,0;;1,0
700;2024-09-16;00:00;LAPPENDEKEN;;;;;;;7,0;4,0;3,0;;14,0
701;2024-09-16;00:00;WAPENVEEN;;;;;;;2,0;0,0;0,0;;2,0
702;2024-09-16;00:00;ELSBERG;;;;;;;1,0;0,0;0,0;;1,0
703;2024-09-16;00:00;BLOEMERSWEG;;;;;;;5,0;2,0;2,0;;9,0
704;2024-09-16;00:00;TUNNEKESWEG;;;;;;;3,0;4,0;1,0;;8,0
705;2024-09-16;00:00;KORHOENDERWEIDE;;;;;;;0,0;2,0;0,0;;2,0
706;2024-09-16;00:00;DOORNSTRUIK;;;;;;;0,0;3,0;1,0;;4,0
707;2024-09-16;00:00;KROMME ELLEBOOG;;;;;;;1,0;0,0;0,0;;1,0
708;2024-09-16;00:00;TERLETSE HEIDE;;;;;;;1,0;0,0;0,0;;1,0
709;2024-09-16;00:00;TERLET NOORD;;;;;;;1,0;0,0;0,0;;1,0
710;2024-09-16;00:00;GROENENDAAL;;;;;;;17,0;39,0;10,0;GROTE BIGGEN IN HOUTWAL;66,0
711;2024-09-16;00:00;LOENENSEVELD;;;;;;;7,0;20,0;5,0;;32,0
712;2024-09-16;00:00;TERLET ZUID;;;;;;;3,0;6,0;3,0;;12,0
713;2024-09-16;00:00;EERBEEKSEWEG;;;;;;;2,0;0,0;0,0;STIER MET AFGEBROKEN L. HOORN;2,0
714;2024-09-30;00:00;LAPPENDEKEN;;;;;;;14,0;20,0;6,0;;40,0
715;2024-09-30;00:00;CAROLINAHOEVE;;;;;;;0,0;4,0;3,0;;7,0
716;2024-09-30;00:00;TERLET WEILAND;;;;;;;0,0;0,0;0,0;;0,0
717;2024-09-30;00:00;TERLET ZUID;;;;;;;0,0;0,0;0,0;;0,0
718;2024-09-30;00:00;TERLET NOORD;;;;;;;13,0;37,0;10,0;;60,0
719;2024-09-30;00:00;GROENENDAAL;;;;;;;25,0;37,0;13,0;;75,0
720;2024-09-30;00:00;LOENENSEVELD;;;;;;;8,0;1,0;1,0;;10,0
721;2024-09-30;00:00;DW - GROTE HEIDE;;;;;;;4,0;1,0;2,0;;7,0
722;2024-09-30;00:00;HOOGDELENSEWEG;;;;;;;3,0;12,0;0,0;;15,0
723;2024-10-21;00:00;LAPPENDEKEN;;;;;;;4,0;4,0;3,0;;11,0
724;2024-10-21;00:00;CAROLINAHOEVE;;;;;;;6,0;6,0;2,0;;14,0
725;2024-10-21;00:00;WAPENVEEN;;;;;;;1,0;0,0;0,0;;1,0
726;2024-10-21;00:00;TERLETSE HEIDE;;;;;;;5,0;0,0;0,0;;5,0
727;2024-10-21;00:00;TERLET NOORD;;;;;;;2,0;17,0;5,0;;24,0
728;2024-10-21;00:00;WILDWISSEL-DEELERWOUD;;;;;;;2,0;0,0;0,0;;2,0
729;2024-10-21;00:00;GROENENDAAL;;;;;;;17,0;24,0;5,0;;46,0
730;2024-10-21;00:00;LOENENSEVELD;;;;;;;18,0;28,0;7,0;;53,0
731;2024-10-21;00:00;DEELERWOUD DE SLOTEN;;;;;;;4,0;0,0;0,0;;4,0
732;2024-10-21;00:00;DEELERWOUD - KLEINE HEIDE HARTEHUL;;;;;;;3,0;14,0;2,0;;19,0
733;2024-11-04;00:00;LAPPENDEKEN;;;;;;;1,0;3,0;2,0;;6,0
734;2024-11-04;00:00;TUNNEKESWEG;;;;;;;4,0;7,0;2,0;;13,0
735;2024-11-04;00:00;LAPPENDEKEN;;;;;;;0,0;3,0;2,0;;5,0
736;2024-11-04;00:00;TERLETSE HEIDE;;;;;;;1,0;0,0;0,0;;1,0
737;2024-11-04;00:00;TERLET NOORD WEILAND;;;;;;;5,0;25,0;10,0;;40,0
738;2024-11-04;00:00;TERLET ZUID WEILAND;;;;;;;8,0;0,0;0,0;;8,0
739;2024-11-04;00:00;GROENENDAAL;;;;;;;27,0;46,0;12,0;;85,0
740;2024-11-04;00:00;LOENENSEVELD;;;;;;;6,0;0,0;0,0;;6,0
741;2024-11-04;00:00;DEELERWOUD TERLET;;;;;;;5,0;0,0;0,0;;5,0
742;2024-11-04;00:00;ROZENDAAL NIEUWE KAMP;;;;;;;1,0;0,0;0,0;;1,0
